{
  "type": "FeatureCollection",
  "name": "pontaise_points",
  "crs": {
    "type": "name",
    "properties": {
      "name": "urn:ogc:def:crs:OGC:1.3:CRS84"
    }
  },
  "features": [
    {
      "type": "Feature",
      "properties": {
        "id": "25",
        "num": "1.0",
        "folio": "27",
        "parcel_id": "1",
        "merge_id": "27f1",
        "geom_id": "14471"
      },
      "geometry": {
        "type": "Point",
        "coordinates": [
          6.628873439111483,
          46.52658359192224
        ]
      }
    },
    {
      "type": "Feature",
      "properties": {
        "id": "26",
        "num": "1.0",
        "folio": "28",
        "parcel_id": "1",
        "merge_id": "28f1",
        "geom_id": "14778"
      },
      "geometry": {
        "type": "Point",
        "coordinates": [
          6.63136814566117,
          46.52646067948087
        ]
      }
    },
    {
      "type": "Feature",
      "properties": {
        "id": "27",
        "num": "1.0",
        "folio": "29",
        "parcel_id": "1",
        "merge_id": "29f1",
        "geom_id": "15202"
      },
      "geometry": {
        "type": "Point",
        "coordinates": [
          6.631644076662139,
          46.52741376881951
        ]
      }
    },
    {
      "type": "Feature",
      "properties": {
        "id": "122",
        "num": "1.0",
        "folio": "129",
        "parcel_id": "1",
        "merge_id": "129f1",
        "geom_id": "29819"
      },
      "geometry": {
        "type": "Point",
        "coordinates": [
          6.61129558822698,
          46.52866676405367
        ]
      }
    },
    {
      "type": "Feature",
      "properties": {
        "id": "124",
        "num": "1.0",
        "folio": "131",
        "parcel_id": "1",
        "merge_id": "131f1",
        "geom_id": "30142"
      },
      "geometry": {
        "type": "Point",
        "coordinates": [
          6.613644710777849,
          46.52702191640942
        ]
      }
    },
    {
      "type": "Feature",
      "properties": {
        "id": "125",
        "num": "1.0",
        "folio": "132",
        "parcel_id": "1",
        "merge_id": "132f1",
        "geom_id": "49447"
      },
      "geometry": {
        "type": "Point",
        "coordinates": [
          6.611428301511654,
          46.52626143745022
        ]
      }
    },
    {
      "type": "Feature",
      "properties": {
        "id": "126",
        "num": "1.0",
        "folio": "133",
        "parcel_id": "1",
        "merge_id": "133f1",
        "geom_id": "30173"
      },
      "geometry": {
        "type": "Point",
        "coordinates": [
          6.612097662121315,
          46.526248764786814
        ]
      }
    },
    {
      "type": "Feature",
      "properties": {
        "id": "130",
        "num": "1.0",
        "folio": "137",
        "parcel_id": "1",
        "merge_id": "137f1",
        "geom_id": "30562"
      },
      "geometry": {
        "type": "Point",
        "coordinates": [
          6.616086789135252,
          46.52508698478623
        ]
      }
    },
    {
      "type": "Feature",
      "properties": {
        "id": "147",
        "num": "1.0",
        "folio": "156",
        "parcel_id": "1",
        "merge_id": "156f1",
        "geom_id": "34740"
      },
      "geometry": {
        "type": "Point",
        "coordinates": [
          6.627167480097607,
          46.527993232683414
        ]
      }
    },
    {
      "type": "Feature",
      "properties": {
        "id": "148",
        "num": "1.0",
        "folio": "157",
        "parcel_id": "1",
        "merge_id": "157f1",
        "geom_id": "34937"
      },
      "geometry": {
        "type": "Point",
        "coordinates": [
          6.628528240980637,
          46.52829493528223
        ]
      }
    },
    {
      "type": "Feature",
      "properties": {
        "id": "149",
        "num": "1.0",
        "folio": "158",
        "parcel_id": "1",
        "merge_id": "158f1",
        "geom_id": "35298"
      },
      "geometry": {
        "type": "Point",
        "coordinates": [
          6.630197476043704,
          46.52986335780883
        ]
      }
    },
    {
      "type": "Feature",
      "properties": {
        "id": "151",
        "num": "1.0",
        "folio": "160",
        "parcel_id": "1",
        "merge_id": "160f1",
        "geom_id": "35714"
      },
      "geometry": {
        "type": "Point",
        "coordinates": [
          6.628498910548211,
          46.53133748558789
        ]
      }
    },
    {
      "type": "Feature",
      "properties": {
        "id": "152",
        "num": "1.0",
        "folio": "161",
        "parcel_id": "1",
        "merge_id": "161f1",
        "geom_id": "35937"
      },
      "geometry": {
        "type": "Point",
        "coordinates": [
          6.626941590974875,
          46.529547255679596
        ]
      }
    },
    {
      "type": "Feature",
      "properties": {
        "id": "323",
        "num": "2.0",
        "folio": "27",
        "parcel_id": "2",
        "merge_id": "27f2",
        "geom_id": "14480"
      },
      "geometry": {
        "type": "Point",
        "coordinates": [
          6.628772763498601,
          46.52659414732218
        ]
      }
    },
    {
      "type": "Feature",
      "properties": {
        "id": "324",
        "num": "2.0",
        "folio": "28",
        "parcel_id": "2",
        "merge_id": "28f2",
        "geom_id": "14756"
      },
      "geometry": {
        "type": "Point",
        "coordinates": [
          6.631445759992777,
          46.52661125628445
        ]
      }
    },
    {
      "type": "Feature",
      "properties": {
        "id": "325",
        "num": "2.0",
        "folio": "29",
        "parcel_id": "2",
        "merge_id": "29f2",
        "geom_id": "15198"
      },
      "geometry": {
        "type": "Point",
        "coordinates": [
          6.63252010974709,
          46.527782029583115
        ]
      }
    },
    {
      "type": "Feature",
      "properties": {
        "id": "424",
        "num": "2.0",
        "folio": "131",
        "parcel_id": "2",
        "merge_id": "131f2",
        "geom_id": "30125"
      },
      "geometry": {
        "type": "Point",
        "coordinates": [
          6.613264687798095,
          46.526727373170715
        ]
      }
    },
    {
      "type": "Feature",
      "properties": {
        "id": "425",
        "num": "2.0",
        "folio": "132",
        "parcel_id": "2",
        "merge_id": "132f2",
        "geom_id": "49444"
      },
      "geometry": {
        "type": "Point",
        "coordinates": [
          6.611222265399056,
          46.52617085354604
        ]
      }
    },
    {
      "type": "Feature",
      "properties": {
        "id": "426",
        "num": "2.0",
        "folio": "133",
        "parcel_id": "2",
        "merge_id": "133f2",
        "geom_id": "30172"
      },
      "geometry": {
        "type": "Point",
        "coordinates": [
          6.611966685503478,
          46.526290179436465
        ]
      }
    },
    {
      "type": "Feature",
      "properties": {
        "id": "430",
        "num": "2.0",
        "folio": "137",
        "parcel_id": "2",
        "merge_id": "137f2",
        "geom_id": "30592"
      },
      "geometry": {
        "type": "Point",
        "coordinates": [
          6.61565389752462,
          46.524911104472444
        ]
      }
    },
    {
      "type": "Feature",
      "properties": {
        "id": "431",
        "num": "2.0",
        "folio": "138",
        "parcel_id": "2",
        "merge_id": "138f2",
        "geom_id": "30792"
      },
      "geometry": {
        "type": "Point",
        "coordinates": [
          6.616152511178309,
          46.52637175396064
        ]
      }
    },
    {
      "type": "Feature",
      "properties": {
        "id": "449",
        "num": "2.0",
        "folio": "157",
        "parcel_id": "2",
        "merge_id": "157f2",
        "geom_id": "34968"
      },
      "geometry": {
        "type": "Point",
        "coordinates": [
          6.628518583542789,
          46.52813579529261
        ]
      }
    },
    {
      "type": "Feature",
      "properties": {
        "id": "450",
        "num": "2.0",
        "folio": "158",
        "parcel_id": "2",
        "merge_id": "158f2",
        "geom_id": "35322"
      },
      "geometry": {
        "type": "Point",
        "coordinates": [
          6.630215587515139,
          46.52979150362156
        ]
      }
    },
    {
      "type": "Feature",
      "properties": {
        "id": "452",
        "num": "2.0",
        "folio": "160",
        "parcel_id": "2",
        "merge_id": "160f2",
        "geom_id": "35713"
      },
      "geometry": {
        "type": "Point",
        "coordinates": [
          6.628596412258688,
          46.53143473957444
        ]
      }
    },
    {
      "type": "Feature",
      "properties": {
        "id": "453",
        "num": "2.0",
        "folio": "161",
        "parcel_id": "2",
        "merge_id": "161f2",
        "geom_id": "35970"
      },
      "geometry": {
        "type": "Point",
        "coordinates": [
          6.628191791616218,
          46.529004446401196
        ]
      }
    },
    {
      "type": "Feature",
      "properties": {
        "id": "620",
        "num": "3.0",
        "folio": "27",
        "parcel_id": "3",
        "merge_id": "27f3",
        "geom_id": "14436"
      },
      "geometry": {
        "type": "Point",
        "coordinates": [
          6.628829333606345,
          46.52667607078498
        ]
      }
    },
    {
      "type": "Feature",
      "properties": {
        "id": "621",
        "num": "3.0",
        "folio": "28",
        "parcel_id": "3",
        "merge_id": "28f3",
        "geom_id": "14751"
      },
      "geometry": {
        "type": "Point",
        "coordinates": [
          6.631431060280776,
          46.52654807318502
        ]
      }
    },
    {
      "type": "Feature",
      "properties": {
        "id": "622",
        "num": "3.0",
        "folio": "29",
        "parcel_id": "3",
        "merge_id": "29f3",
        "geom_id": "15242"
      },
      "geometry": {
        "type": "Point",
        "coordinates": [
          6.632455420633961,
          46.52720843875879
        ]
      }
    },
    {
      "type": "Feature",
      "properties": {
        "id": "713",
        "num": "3.0",
        "folio": "129",
        "parcel_id": "3",
        "merge_id": "129f3",
        "geom_id": "29870"
      },
      "geometry": {
        "type": "Point",
        "coordinates": [
          6.612193499384211,
          46.528046954423935
        ]
      }
    },
    {
      "type": "Feature",
      "properties": {
        "id": "715",
        "num": "3.0",
        "folio": "131",
        "parcel_id": "3",
        "merge_id": "131f3",
        "geom_id": "30117"
      },
      "geometry": {
        "type": "Point",
        "coordinates": [
          6.612499895937132,
          46.52699817146841
        ]
      }
    },
    {
      "type": "Feature",
      "properties": {
        "id": "716",
        "num": "3.0",
        "folio": "132",
        "parcel_id": "3",
        "merge_id": "132f3",
        "geom_id": "30165"
      },
      "geometry": {
        "type": "Point",
        "coordinates": [
          6.611220102798687,
          46.52613846319926
        ]
      }
    },
    {
      "type": "Feature",
      "properties": {
        "id": "717",
        "num": "3.0",
        "folio": "133",
        "parcel_id": "3",
        "merge_id": "133f3",
        "geom_id": "30189"
      },
      "geometry": {
        "type": "Point",
        "coordinates": [
          6.61221104831095,
          46.526184661798574
        ]
      }
    },
    {
      "type": "Feature",
      "properties": {
        "id": "721",
        "num": "3.0",
        "folio": "137",
        "parcel_id": "3",
        "merge_id": "137f3",
        "geom_id": "30629"
      },
      "geometry": {
        "type": "Point",
        "coordinates": [
          6.615940157211059,
          46.524789588895665
        ]
      }
    },
    {
      "type": "Feature",
      "properties": {
        "id": "739",
        "num": "3.0",
        "folio": "156",
        "parcel_id": "3",
        "merge_id": "156f3",
        "geom_id": "34776"
      },
      "geometry": {
        "type": "Point",
        "coordinates": [
          6.627107950954193,
          46.52761094519245
        ]
      }
    },
    {
      "type": "Feature",
      "properties": {
        "id": "740",
        "num": "3.0",
        "folio": "157",
        "parcel_id": "3",
        "merge_id": "157f3",
        "geom_id": "34956"
      },
      "geometry": {
        "type": "Point",
        "coordinates": [
          6.628255075009401,
          46.52806799214614
        ]
      }
    },
    {
      "type": "Feature",
      "properties": {
        "id": "741",
        "num": "3.0",
        "folio": "158",
        "parcel_id": "3",
        "merge_id": "158f3",
        "geom_id": "35341"
      },
      "geometry": {
        "type": "Point",
        "coordinates": [
          6.630243696271295,
          46.52971799994613
        ]
      }
    },
    {
      "type": "Feature",
      "properties": {
        "id": "743",
        "num": "3.0",
        "folio": "160",
        "parcel_id": "3",
        "merge_id": "160f3",
        "geom_id": "35711"
      },
      "geometry": {
        "type": "Point",
        "coordinates": [
          6.628327185719125,
          46.531297400692274
        ]
      }
    },
    {
      "type": "Feature",
      "properties": {
        "id": "744",
        "num": "3.0",
        "folio": "161",
        "parcel_id": "3",
        "merge_id": "161f3",
        "geom_id": "35954"
      },
      "geometry": {
        "type": "Point",
        "coordinates": [
          6.628278909962526,
          46.52911512750484
        ]
      }
    },
    {
      "type": "Feature",
      "properties": {
        "id": "910",
        "num": "4.0",
        "folio": "27",
        "parcel_id": "4",
        "merge_id": "27f4",
        "geom_id": "14477"
      },
      "geometry": {
        "type": "Point",
        "coordinates": [
          6.628726388774348,
          46.52655854890628
        ]
      }
    },
    {
      "type": "Feature",
      "properties": {
        "id": "911",
        "num": "4.0",
        "folio": "28",
        "parcel_id": "4",
        "merge_id": "28f4",
        "geom_id": "14759"
      },
      "geometry": {
        "type": "Point",
        "coordinates": [
          6.631292628128748,
          46.52622487630152
        ]
      }
    },
    {
      "type": "Feature",
      "properties": {
        "id": "912",
        "num": "4.0",
        "folio": "29",
        "parcel_id": "4",
        "merge_id": "29f4",
        "geom_id": "15247"
      },
      "geometry": {
        "type": "Point",
        "coordinates": [
          6.632727808686171,
          46.52707344642621
        ]
      }
    },
    {
      "type": "Feature",
      "properties": {
        "id": "998",
        "num": "4.0",
        "folio": "129",
        "parcel_id": "4",
        "merge_id": "129f4",
        "geom_id": "29866"
      },
      "geometry": {
        "type": "Point",
        "coordinates": [
          6.612336428975676,
          46.52794731504307
        ]
      }
    },
    {
      "type": "Feature",
      "properties": {
        "id": "1000",
        "num": "4.0",
        "folio": "131",
        "parcel_id": "4",
        "merge_id": "131f4",
        "geom_id": "30110"
      },
      "geometry": {
        "type": "Point",
        "coordinates": [
          6.611774057470866,
          46.527048164901586
        ]
      }
    },
    {
      "type": "Feature",
      "properties": {
        "id": "1002",
        "num": "4.0",
        "folio": "133",
        "parcel_id": "4",
        "merge_id": "133f4",
        "geom_id": "30209"
      },
      "geometry": {
        "type": "Point",
        "coordinates": [
          6.6122958833128,
          46.52616299477201
        ]
      }
    },
    {
      "type": "Feature",
      "properties": {
        "id": "1024",
        "num": "4.0",
        "folio": "156",
        "parcel_id": "4",
        "merge_id": "156f4",
        "geom_id": "34772"
      },
      "geometry": {
        "type": "Point",
        "coordinates": [
          6.627284881240679,
          46.5276507198075
        ]
      }
    },
    {
      "type": "Feature",
      "properties": {
        "id": "1025",
        "num": "4.0",
        "folio": "157",
        "parcel_id": "4",
        "merge_id": "157f4",
        "geom_id": "34941"
      },
      "geometry": {
        "type": "Point",
        "coordinates": [
          6.628616447344166,
          46.52822821065059
        ]
      }
    },
    {
      "type": "Feature",
      "properties": {
        "id": "1026",
        "num": "4.0",
        "folio": "158",
        "parcel_id": "4",
        "merge_id": "158f4",
        "geom_id": "35270"
      },
      "geometry": {
        "type": "Point",
        "coordinates": [
          6.630152837366847,
          46.52992153153185
        ]
      }
    },
    {
      "type": "Feature",
      "properties": {
        "id": "1028",
        "num": "4.0",
        "folio": "160",
        "parcel_id": "4",
        "merge_id": "160f4",
        "geom_id": "35733"
      },
      "geometry": {
        "type": "Point",
        "coordinates": [
          6.627838816235272,
          46.53084056093447
        ]
      }
    },
    {
      "type": "Feature",
      "properties": {
        "id": "1029",
        "num": "4.0",
        "folio": "161",
        "parcel_id": "4",
        "merge_id": "161f4",
        "geom_id": "35960"
      },
      "geometry": {
        "type": "Point",
        "coordinates": [
          6.628508078975665,
          46.529152482351265
        ]
      }
    },
    {
      "type": "Feature",
      "properties": {
        "id": "1194",
        "num": "5.0",
        "folio": "27",
        "parcel_id": "5",
        "merge_id": "27f5",
        "geom_id": "14476"
      },
      "geometry": {
        "type": "Point",
        "coordinates": [
          6.628986110682283,
          46.52641528608837
        ]
      }
    },
    {
      "type": "Feature",
      "properties": {
        "id": "1195",
        "num": "5.0",
        "folio": "28",
        "parcel_id": "5",
        "merge_id": "28f5",
        "geom_id": "14824"
      },
      "geometry": {
        "type": "Point",
        "coordinates": [
          6.631318831856609,
          46.52598638729373
        ]
      }
    },
    {
      "type": "Feature",
      "properties": {
        "id": "1196",
        "num": "5.0",
        "folio": "29",
        "parcel_id": "5",
        "merge_id": "29f5",
        "geom_id": "15263"
      },
      "geometry": {
        "type": "Point",
        "coordinates": [
          6.632432675293211,
          46.526993641812055
        ]
      }
    },
    {
      "type": "Feature",
      "properties": {
        "id": "1281",
        "num": "5.0",
        "folio": "129",
        "parcel_id": "5",
        "merge_id": "129f5",
        "geom_id": "29756"
      },
      "geometry": {
        "type": "Point",
        "coordinates": [
          6.612489574826689,
          46.527737968774396
        ]
      }
    },
    {
      "type": "Feature",
      "properties": {
        "id": "1283",
        "num": "5.0",
        "folio": "131",
        "parcel_id": "5",
        "merge_id": "131f5",
        "geom_id": "30112"
      },
      "geometry": {
        "type": "Point",
        "coordinates": [
          6.611418309422056,
          46.527220982200994
        ]
      }
    },
    {
      "type": "Feature",
      "properties": {
        "id": "1284",
        "num": "5.0",
        "folio": "132",
        "parcel_id": "5",
        "merge_id": "132f5",
        "geom_id": "49426"
      },
      "geometry": {
        "type": "Point",
        "coordinates": [
          6.611373429007014,
          46.52577588544453
        ]
      }
    },
    {
      "type": "Feature",
      "properties": {
        "id": "1285",
        "num": "5.0",
        "folio": "133",
        "parcel_id": "5",
        "merge_id": "133f5",
        "geom_id": "30161"
      },
      "geometry": {
        "type": "Point",
        "coordinates": [
          6.612298907072633,
          46.5263041547334
        ]
      }
    },
    {
      "type": "Feature",
      "properties": {
        "id": "1289",
        "num": "5.0",
        "folio": "137",
        "parcel_id": "5",
        "merge_id": "137f5",
        "geom_id": "30544"
      },
      "geometry": {
        "type": "Point",
        "coordinates": [
          6.616100010975512,
          46.52558633368462
        ]
      }
    },
    {
      "type": "Feature",
      "properties": {
        "id": "1307",
        "num": "5.0",
        "folio": "156",
        "parcel_id": "5",
        "merge_id": "156f5",
        "geom_id": "34764"
      },
      "geometry": {
        "type": "Point",
        "coordinates": [
          6.627144372334121,
          46.52771885647997
        ]
      }
    },
    {
      "type": "Feature",
      "properties": {
        "id": "1308",
        "num": "5.0",
        "folio": "157",
        "parcel_id": "5",
        "merge_id": "157f5",
        "geom_id": "34921"
      },
      "geometry": {
        "type": "Point",
        "coordinates": [
          6.628568656599045,
          46.52834136877711
        ]
      }
    },
    {
      "type": "Feature",
      "properties": {
        "id": "1309",
        "num": "5.0",
        "folio": "158",
        "parcel_id": "5",
        "merge_id": "158f5",
        "geom_id": "35291"
      },
      "geometry": {
        "type": "Point",
        "coordinates": [
          6.630275728092222,
          46.52988226963459
        ]
      }
    },
    {
      "type": "Feature",
      "properties": {
        "id": "1311",
        "num": "5.0",
        "folio": "160",
        "parcel_id": "5",
        "merge_id": "160f5",
        "geom_id": "35780"
      },
      "geometry": {
        "type": "Point",
        "coordinates": [
          6.627668760565863,
          46.530660949037006
        ]
      }
    },
    {
      "type": "Feature",
      "properties": {
        "id": "1312",
        "num": "5.0",
        "folio": "161",
        "parcel_id": "5",
        "merge_id": "161f5",
        "geom_id": "35953"
      },
      "geometry": {
        "type": "Point",
        "coordinates": [
          6.62841013715538,
          46.529314693315925
        ]
      }
    },
    {
      "type": "Feature",
      "properties": {
        "id": "1479",
        "num": "6.0",
        "folio": "28",
        "parcel_id": "6",
        "merge_id": "28f6",
        "geom_id": "14786"
      },
      "geometry": {
        "type": "Point",
        "coordinates": [
          6.631531266559439,
          46.52642632284484
        ]
      }
    },
    {
      "type": "Feature",
      "properties": {
        "id": "1480",
        "num": "6.0",
        "folio": "29",
        "parcel_id": "6",
        "merge_id": "29f6",
        "geom_id": "15274"
      },
      "geometry": {
        "type": "Point",
        "coordinates": [
          6.632350387600717,
          46.526982657495005
        ]
      }
    },
    {
      "type": "Feature",
      "properties": {
        "id": "1566",
        "num": "6.0",
        "folio": "131",
        "parcel_id": "6",
        "merge_id": "131f6",
        "geom_id": "30136"
      },
      "geometry": {
        "type": "Point",
        "coordinates": [
          6.611219976446701,
          46.527046517487854
        ]
      }
    },
    {
      "type": "Feature",
      "properties": {
        "id": "1567",
        "num": "6.0",
        "folio": "132",
        "parcel_id": "6",
        "merge_id": "132f6",
        "geom_id": "49425"
      },
      "geometry": {
        "type": "Point",
        "coordinates": [
          6.611313943803854,
          46.52580497194222
        ]
      }
    },
    {
      "type": "Feature",
      "properties": {
        "id": "1568",
        "num": "6.0",
        "folio": "133",
        "parcel_id": "6",
        "merge_id": "133f6",
        "geom_id": "30197"
      },
      "geometry": {
        "type": "Point",
        "coordinates": [
          6.612658216438843,
          46.52624101679133
        ]
      }
    },
    {
      "type": "Feature",
      "properties": {
        "id": "1590",
        "num": "6.0",
        "folio": "156",
        "parcel_id": "6",
        "merge_id": "156f6",
        "geom_id": "34763"
      },
      "geometry": {
        "type": "Point",
        "coordinates": [
          6.62699387157372,
          46.52752348340523
        ]
      }
    },
    {
      "type": "Feature",
      "properties": {
        "id": "1591",
        "num": "6.0",
        "folio": "157",
        "parcel_id": "6",
        "merge_id": "157f6",
        "geom_id": "34924"
      },
      "geometry": {
        "type": "Point",
        "coordinates": [
          6.628671227136384,
          46.52839684442224
        ]
      }
    },
    {
      "type": "Feature",
      "properties": {
        "id": "1592",
        "num": "6.0",
        "folio": "158",
        "parcel_id": "6",
        "merge_id": "158f6",
        "geom_id": "35319"
      },
      "geometry": {
        "type": "Point",
        "coordinates": [
          6.63031122974901,
          46.529814554329405
        ]
      }
    },
    {
      "type": "Feature",
      "properties": {
        "id": "1594",
        "num": "6.0",
        "folio": "160",
        "parcel_id": "6",
        "merge_id": "160f6",
        "geom_id": "35781"
      },
      "geometry": {
        "type": "Point",
        "coordinates": [
          6.627631438798621,
          46.530675107084534
        ]
      }
    },
    {
      "type": "Feature",
      "properties": {
        "id": "1595",
        "num": "6.0",
        "folio": "161",
        "parcel_id": "6",
        "merge_id": "161f6",
        "geom_id": "35951"
      },
      "geometry": {
        "type": "Point",
        "coordinates": [
          6.628342294741453,
          46.52932146865051
        ]
      }
    },
    {
      "type": "Feature",
      "properties": {
        "id": "1755",
        "num": "7.0",
        "folio": "27",
        "parcel_id": "7",
        "merge_id": "27f7",
        "geom_id": "14450"
      },
      "geometry": {
        "type": "Point",
        "coordinates": [
          6.628594531659489,
          46.52669347367365
        ]
      }
    },
    {
      "type": "Feature",
      "properties": {
        "id": "1756",
        "num": "7.0",
        "folio": "28",
        "parcel_id": "7",
        "merge_id": "28f7",
        "geom_id": "14767"
      },
      "geometry": {
        "type": "Point",
        "coordinates": [
          6.631577177626593,
          46.52652211962709
        ]
      }
    },
    {
      "type": "Feature",
      "properties": {
        "id": "1757",
        "num": "7.0",
        "folio": "29",
        "parcel_id": "7",
        "merge_id": "29f7",
        "geom_id": "15260"
      },
      "geometry": {
        "type": "Point",
        "coordinates": [
          6.632324925285372,
          46.52703418545535
        ]
      }
    },
    {
      "type": "Feature",
      "properties": {
        "id": "1843",
        "num": "7.0",
        "folio": "131",
        "parcel_id": "7",
        "merge_id": "131f7",
        "geom_id": "30128"
      },
      "geometry": {
        "type": "Point",
        "coordinates": [
          6.611144003885788,
          46.52707918510177
        ]
      }
    },
    {
      "type": "Feature",
      "properties": {
        "id": "1844",
        "num": "7.0",
        "folio": "132",
        "parcel_id": "7",
        "merge_id": "132f7",
        "geom_id": "49420"
      },
      "geometry": {
        "type": "Point",
        "coordinates": [
          6.611379171173693,
          46.525845708626136
        ]
      }
    },
    {
      "type": "Feature",
      "properties": {
        "id": "1845",
        "num": "7.0",
        "folio": "133",
        "parcel_id": "7",
        "merge_id": "133f7",
        "geom_id": "30187"
      },
      "geometry": {
        "type": "Point",
        "coordinates": [
          6.612135961618782,
          46.525751751110164
        ]
      }
    },
    {
      "type": "Feature",
      "properties": {
        "id": "1866",
        "num": "7.0",
        "folio": "156",
        "parcel_id": "7",
        "merge_id": "156f7",
        "geom_id": "34810"
      },
      "geometry": {
        "type": "Point",
        "coordinates": [
          6.627045617804902,
          46.52727508149816
        ]
      }
    },
    {
      "type": "Feature",
      "properties": {
        "id": "1867",
        "num": "7.0",
        "folio": "157",
        "parcel_id": "7",
        "merge_id": "157f7",
        "geom_id": "34988"
      },
      "geometry": {
        "type": "Point",
        "coordinates": [
          6.628648316171307,
          46.528069080522386
        ]
      }
    },
    {
      "type": "Feature",
      "properties": {
        "id": "1868",
        "num": "7.0",
        "folio": "158",
        "parcel_id": "7",
        "merge_id": "158f7",
        "geom_id": "35337"
      },
      "geometry": {
        "type": "Point",
        "coordinates": [
          6.630331478511626,
          46.52973870035014
        ]
      }
    },
    {
      "type": "Feature",
      "properties": {
        "id": "1869",
        "num": "7.0",
        "folio": "159",
        "parcel_id": "7",
        "merge_id": "159f7",
        "geom_id": "35560"
      },
      "geometry": {
        "type": "Point",
        "coordinates": [
          6.630497329730066,
          46.531116707640976
        ]
      }
    },
    {
      "type": "Feature",
      "properties": {
        "id": "1870",
        "num": "7.0",
        "folio": "160",
        "parcel_id": "7",
        "merge_id": "160f7",
        "geom_id": "35798"
      },
      "geometry": {
        "type": "Point",
        "coordinates": [
          6.627355060397986,
          46.53041790051844
        ]
      }
    },
    {
      "type": "Feature",
      "properties": {
        "id": "1871",
        "num": "7.0",
        "folio": "161",
        "parcel_id": "7",
        "merge_id": "161f7",
        "geom_id": "35955"
      },
      "geometry": {
        "type": "Point",
        "coordinates": [
          6.628360595580923,
          46.529279492398636
        ]
      }
    },
    {
      "type": "Feature",
      "properties": {
        "id": "2034",
        "num": "8.0",
        "folio": "27",
        "parcel_id": "8",
        "merge_id": "27f8",
        "geom_id": "14449"
      },
      "geometry": {
        "type": "Point",
        "coordinates": [
          6.628596423744611,
          46.52673110944689
        ]
      }
    },
    {
      "type": "Feature",
      "properties": {
        "id": "2035",
        "num": "8.0",
        "folio": "28",
        "parcel_id": "8",
        "merge_id": "28f8",
        "geom_id": "14797"
      },
      "geometry": {
        "type": "Point",
        "coordinates": [
          6.631484388011626,
          46.52628505716633
        ]
      }
    },
    {
      "type": "Feature",
      "properties": {
        "id": "2036",
        "num": "8.0",
        "folio": "29",
        "parcel_id": "8",
        "merge_id": "29f8",
        "geom_id": "15255"
      },
      "geometry": {
        "type": "Point",
        "coordinates": [
          6.632424651834955,
          46.52705453776345
        ]
      }
    },
    {
      "type": "Feature",
      "properties": {
        "id": "2122",
        "num": "8.0",
        "folio": "131",
        "parcel_id": "8",
        "merge_id": "131f8",
        "geom_id": "30105"
      },
      "geometry": {
        "type": "Point",
        "coordinates": [
          6.611151963935619,
          46.527213192976276
        ]
      }
    },
    {
      "type": "Feature",
      "properties": {
        "id": "2124",
        "num": "8.0",
        "folio": "133",
        "parcel_id": "8",
        "merge_id": "133f8",
        "geom_id": "30193"
      },
      "geometry": {
        "type": "Point",
        "coordinates": [
          6.613496391785472,
          46.525828929286504
        ]
      }
    },
    {
      "type": "Feature",
      "properties": {
        "id": "2146",
        "num": "8.0",
        "folio": "156",
        "parcel_id": "8",
        "merge_id": "156f8",
        "geom_id": "34742"
      },
      "geometry": {
        "type": "Point",
        "coordinates": [
          6.62726946214853,
          46.52799458943562
        ]
      }
    },
    {
      "type": "Feature",
      "properties": {
        "id": "2147",
        "num": "8.0",
        "folio": "157",
        "parcel_id": "8",
        "merge_id": "157f8",
        "geom_id": "35024"
      },
      "geometry": {
        "type": "Point",
        "coordinates": [
          6.628515340644431,
          46.52793657507517
        ]
      }
    },
    {
      "type": "Feature",
      "properties": {
        "id": "2148",
        "num": "8.0",
        "folio": "158",
        "parcel_id": "8",
        "merge_id": "158f8",
        "geom_id": "35275"
      },
      "geometry": {
        "type": "Point",
        "coordinates": [
          6.630242038970978,
          46.529912142118825
        ]
      }
    },
    {
      "type": "Feature",
      "properties": {
        "id": "2149",
        "num": "8.0",
        "folio": "159",
        "parcel_id": "8",
        "merge_id": "159f8",
        "geom_id": "35577"
      },
      "geometry": {
        "type": "Point",
        "coordinates": [
          6.630655393911865,
          46.53095151513596
        ]
      }
    },
    {
      "type": "Feature",
      "properties": {
        "id": "2150",
        "num": "8.0",
        "folio": "160",
        "parcel_id": "8",
        "merge_id": "160f8",
        "geom_id": "35775"
      },
      "geometry": {
        "type": "Point",
        "coordinates": [
          6.627421604698608,
          46.53038923230424
        ]
      }
    },
    {
      "type": "Feature",
      "properties": {
        "id": "2151",
        "num": "8.0",
        "folio": "161",
        "parcel_id": "8",
        "merge_id": "161f8",
        "geom_id": "35943"
      },
      "geometry": {
        "type": "Point",
        "coordinates": [
          6.628238940989521,
          46.52922722402584
        ]
      }
    },
    {
      "type": "Feature",
      "properties": {
        "id": "2312",
        "num": "9.0",
        "folio": "27",
        "parcel_id": "9",
        "merge_id": "27f9",
        "geom_id": "14443"
      },
      "geometry": {
        "type": "Point",
        "coordinates": [
          6.628624340111966,
          46.52674456401944
        ]
      }
    },
    {
      "type": "Feature",
      "properties": {
        "id": "2313",
        "num": "9.0",
        "folio": "28",
        "parcel_id": "9",
        "merge_id": "28f9",
        "geom_id": "14815"
      },
      "geometry": {
        "type": "Point",
        "coordinates": [
          6.631431458371818,
          46.52608038575922
        ]
      }
    },
    {
      "type": "Feature",
      "properties": {
        "id": "2314",
        "num": "9.0",
        "folio": "29",
        "parcel_id": "9",
        "merge_id": "29f9",
        "geom_id": "15343"
      },
      "geometry": {
        "type": "Point",
        "coordinates": [
          6.632867696464859,
          46.52658970507058
        ]
      }
    },
    {
      "type": "Feature",
      "properties": {
        "id": "2398",
        "num": "9.0",
        "folio": "131",
        "parcel_id": "9",
        "merge_id": "131f9",
        "geom_id": "30122"
      },
      "geometry": {
        "type": "Point",
        "coordinates": [
          6.611062872370624,
          46.52717214561017
        ]
      }
    },
    {
      "type": "Feature",
      "properties": {
        "id": "2399",
        "num": "9.0",
        "folio": "132",
        "parcel_id": "9",
        "merge_id": "132f9",
        "geom_id": "49440"
      },
      "geometry": {
        "type": "Point",
        "coordinates": [
          6.610152799205107,
          46.52615955621965
        ]
      }
    },
    {
      "type": "Feature",
      "properties": {
        "id": "2400",
        "num": "9.0",
        "folio": "133",
        "parcel_id": "9",
        "merge_id": "133f9",
        "geom_id": "30208"
      },
      "geometry": {
        "type": "Point",
        "coordinates": [
          6.614433959172355,
          46.526190927433746
        ]
      }
    },
    {
      "type": "Feature",
      "properties": {
        "id": "2422",
        "num": "9.0",
        "folio": "156",
        "parcel_id": "9",
        "merge_id": "156f9",
        "geom_id": "34722"
      },
      "geometry": {
        "type": "Point",
        "coordinates": [
          6.627178178605613,
          46.52781839914526
        ]
      }
    },
    {
      "type": "Feature",
      "properties": {
        "id": "2423",
        "num": "9.0",
        "folio": "157",
        "parcel_id": "9",
        "merge_id": "157f9",
        "geom_id": "34969"
      },
      "geometry": {
        "type": "Point",
        "coordinates": [
          6.628742815346473,
          46.52816433789541
        ]
      }
    },
    {
      "type": "Feature",
      "properties": {
        "id": "2424",
        "num": "9.0",
        "folio": "158",
        "parcel_id": "9",
        "merge_id": "158f9",
        "geom_id": "35267"
      },
      "geometry": {
        "type": "Point",
        "coordinates": [
          6.630247842329111,
          46.529940862045464
        ]
      }
    },
    {
      "type": "Feature",
      "properties": {
        "id": "2425",
        "num": "9.0",
        "folio": "159",
        "parcel_id": "9",
        "merge_id": "159f9",
        "geom_id": "35591"
      },
      "geometry": {
        "type": "Point",
        "coordinates": [
          6.630778479355254,
          46.53090167443353
        ]
      }
    },
    {
      "type": "Feature",
      "properties": {
        "id": "2427",
        "num": "9.0",
        "folio": "161",
        "parcel_id": "9",
        "merge_id": "161f9",
        "geom_id": "35968"
      },
      "geometry": {
        "type": "Point",
        "coordinates": [
          6.628022604567624,
          46.529063639469584
        ]
      }
    },
    {
      "type": "Feature",
      "properties": {
        "id": "2581",
        "num": "10.0",
        "folio": "27",
        "parcel_id": "10",
        "merge_id": "27f10",
        "geom_id": "14437"
      },
      "geometry": {
        "type": "Point",
        "coordinates": [
          6.628685126689327,
          46.52676870228844
        ]
      }
    },
    {
      "type": "Feature",
      "properties": {
        "id": "2582",
        "num": "10.0",
        "folio": "29",
        "parcel_id": "10",
        "merge_id": "29f10",
        "geom_id": "15334"
      },
      "geometry": {
        "type": "Point",
        "coordinates": [
          6.632955633198891,
          46.526670926146274
        ]
      }
    },
    {
      "type": "Feature",
      "properties": {
        "id": "2666",
        "num": "10.0",
        "folio": "131",
        "parcel_id": "10",
        "merge_id": "131f10",
        "geom_id": "30101"
      },
      "geometry": {
        "type": "Point",
        "coordinates": [
          6.610965235031384,
          46.52723654789573
        ]
      }
    },
    {
      "type": "Feature",
      "properties": {
        "id": "2668",
        "num": "10.0",
        "folio": "133",
        "parcel_id": "10",
        "merge_id": "133f10",
        "geom_id": "30206"
      },
      "geometry": {
        "type": "Point",
        "coordinates": [
          6.613897360414053,
          46.52575205917407
        ]
      }
    },
    {
      "type": "Feature",
      "properties": {
        "id": "2690",
        "num": "10.0",
        "folio": "156",
        "parcel_id": "10",
        "merge_id": "156f10",
        "geom_id": "34725"
      },
      "geometry": {
        "type": "Point",
        "coordinates": [
          6.627721336404108,
          46.52811949936431
        ]
      }
    },
    {
      "type": "Feature",
      "properties": {
        "id": "2691",
        "num": "10.0",
        "folio": "157",
        "parcel_id": "10",
        "merge_id": "157f10",
        "geom_id": "34962"
      },
      "geometry": {
        "type": "Point",
        "coordinates": [
          6.628786454071713,
          46.52821738645254
        ]
      }
    },
    {
      "type": "Feature",
      "properties": {
        "id": "2692",
        "num": "10.0",
        "folio": "158",
        "parcel_id": "10",
        "merge_id": "158f10",
        "geom_id": "35283"
      },
      "geometry": {
        "type": "Point",
        "coordinates": [
          6.630344038584201,
          46.52989910308307
        ]
      }
    },
    {
      "type": "Feature",
      "properties": {
        "id": "2693",
        "num": "10.0",
        "folio": "159",
        "parcel_id": "10",
        "merge_id": "159f10",
        "geom_id": "35559"
      },
      "geometry": {
        "type": "Point",
        "coordinates": [
          6.630179021192451,
          46.531109814696876
        ]
      }
    },
    {
      "type": "Feature",
      "properties": {
        "id": "2694",
        "num": "10.0",
        "folio": "160",
        "parcel_id": "10",
        "merge_id": "160f10",
        "geom_id": "35813"
      },
      "geometry": {
        "type": "Point",
        "coordinates": [
          6.627212150825964,
          46.53022023021214
        ]
      }
    },
    {
      "type": "Feature",
      "properties": {
        "id": "2695",
        "num": "10.0",
        "folio": "161",
        "parcel_id": "10",
        "merge_id": "161f10",
        "geom_id": "35974"
      },
      "geometry": {
        "type": "Point",
        "coordinates": [
          6.628083989783639,
          46.52903852345475
        ]
      }
    },
    {
      "type": "Feature",
      "properties": {
        "id": "2848",
        "num": "11.0",
        "folio": "27",
        "parcel_id": "11",
        "merge_id": "27f11",
        "geom_id": "14439"
      },
      "geometry": {
        "type": "Point",
        "coordinates": [
          6.628746900825463,
          46.52672693805433
        ]
      }
    },
    {
      "type": "Feature",
      "properties": {
        "id": "2849",
        "num": "11.0",
        "folio": "28",
        "parcel_id": "11",
        "merge_id": "28f11",
        "geom_id": "14791"
      },
      "geometry": {
        "type": "Point",
        "coordinates": [
          6.631689515662771,
          46.52638738512618
        ]
      }
    },
    {
      "type": "Feature",
      "properties": {
        "id": "2850",
        "num": "11.0",
        "folio": "29",
        "parcel_id": "11",
        "merge_id": "29f11",
        "geom_id": "15332"
      },
      "geometry": {
        "type": "Point",
        "coordinates": [
          6.633051734097752,
          46.52665369820282
        ]
      }
    },
    {
      "type": "Feature",
      "properties": {
        "id": "2933",
        "num": "11.0",
        "folio": "131",
        "parcel_id": "11",
        "merge_id": "131f11",
        "geom_id": "30118"
      },
      "geometry": {
        "type": "Point",
        "coordinates": [
          6.611000315805428,
          46.52718364910917
        ]
      }
    },
    {
      "type": "Feature",
      "properties": {
        "id": "2956",
        "num": "11.0",
        "folio": "156",
        "parcel_id": "11",
        "merge_id": "156f11",
        "geom_id": "34733"
      },
      "geometry": {
        "type": "Point",
        "coordinates": [
          6.627741646341316,
          46.528017912591785
        ]
      }
    },
    {
      "type": "Feature",
      "properties": {
        "id": "2957",
        "num": "11.0",
        "folio": "157",
        "parcel_id": "11",
        "merge_id": "157f11",
        "geom_id": "34929"
      },
      "geometry": {
        "type": "Point",
        "coordinates": [
          6.628866798757276,
          46.52828732061214
        ]
      }
    },
    {
      "type": "Feature",
      "properties": {
        "id": "2958",
        "num": "11.0",
        "folio": "158",
        "parcel_id": "11",
        "merge_id": "158f11",
        "geom_id": "35310"
      },
      "geometry": {
        "type": "Point",
        "coordinates": [
          6.630375852270819,
          46.529827920056086
        ]
      }
    },
    {
      "type": "Feature",
      "properties": {
        "id": "2959",
        "num": "11.0",
        "folio": "159",
        "parcel_id": "11",
        "merge_id": "159f11",
        "geom_id": "35611"
      },
      "geometry": {
        "type": "Point",
        "coordinates": [
          6.630761147645893,
          46.53042871744674
        ]
      }
    },
    {
      "type": "Feature",
      "properties": {
        "id": "2960",
        "num": "11.0",
        "folio": "160",
        "parcel_id": "11",
        "merge_id": "160f11",
        "geom_id": "35810"
      },
      "geometry": {
        "type": "Point",
        "coordinates": [
          6.627135372518961,
          46.53013864820113
        ]
      }
    },
    {
      "type": "Feature",
      "properties": {
        "id": "2961",
        "num": "11.0",
        "folio": "161",
        "parcel_id": "11",
        "merge_id": "161f11",
        "geom_id": "35982"
      },
      "geometry": {
        "type": "Point",
        "coordinates": [
          6.628118589284091,
          46.52900392349484
        ]
      }
    },
    {
      "type": "Feature",
      "properties": {
        "id": "3111",
        "num": "12.0",
        "folio": "27",
        "parcel_id": "12",
        "merge_id": "27f12",
        "geom_id": "14423"
      },
      "geometry": {
        "type": "Point",
        "coordinates": [
          6.628777225178038,
          46.52682746418091
        ]
      }
    },
    {
      "type": "Feature",
      "properties": {
        "id": "3112",
        "num": "12.0",
        "folio": "28",
        "parcel_id": "12",
        "merge_id": "28f12",
        "geom_id": "14788"
      },
      "geometry": {
        "type": "Point",
        "coordinates": [
          6.631861807096391,
          46.52642810552866
        ]
      }
    },
    {
      "type": "Feature",
      "properties": {
        "id": "3193",
        "num": "12.0",
        "folio": "131",
        "parcel_id": "12",
        "merge_id": "131f12",
        "geom_id": "30098"
      },
      "geometry": {
        "type": "Point",
        "coordinates": [
          6.610762772541994,
          46.527135397617194
        ]
      }
    },
    {
      "type": "Feature",
      "properties": {
        "id": "3194",
        "num": "12.0",
        "folio": "133",
        "parcel_id": "12",
        "merge_id": "133f12",
        "geom_id": "30226"
      },
      "geometry": {
        "type": "Point",
        "coordinates": [
          6.614244091224297,
          46.5254679013506
        ]
      }
    },
    {
      "type": "Feature",
      "properties": {
        "id": "3215",
        "num": "12.0",
        "folio": "156",
        "parcel_id": "12",
        "merge_id": "156f12",
        "geom_id": "34735"
      },
      "geometry": {
        "type": "Point",
        "coordinates": [
          6.627817319944723,
          46.527982548024426
        ]
      }
    },
    {
      "type": "Feature",
      "properties": {
        "id": "3216",
        "num": "12.0",
        "folio": "157",
        "parcel_id": "12",
        "merge_id": "157f12",
        "geom_id": "35005"
      },
      "geometry": {
        "type": "Point",
        "coordinates": [
          6.628754992277782,
          46.52801681836543
        ]
      }
    },
    {
      "type": "Feature",
      "properties": {
        "id": "3217",
        "num": "12.0",
        "folio": "158",
        "parcel_id": "12",
        "merge_id": "158f12",
        "geom_id": "35334"
      },
      "geometry": {
        "type": "Point",
        "coordinates": [
          6.630405597032617,
          46.529756148711115
        ]
      }
    },
    {
      "type": "Feature",
      "properties": {
        "id": "3218",
        "num": "12.0",
        "folio": "159",
        "parcel_id": "12",
        "merge_id": "159f12",
        "geom_id": "35583"
      },
      "geometry": {
        "type": "Point",
        "coordinates": [
          6.629867105851826,
          46.530900281885174
        ]
      }
    },
    {
      "type": "Feature",
      "properties": {
        "id": "3219",
        "num": "12.0",
        "folio": "160",
        "parcel_id": "12",
        "merge_id": "160f12",
        "geom_id": "35833"
      },
      "geometry": {
        "type": "Point",
        "coordinates": [
          6.627290245364853,
          46.53007565745202
        ]
      }
    },
    {
      "type": "Feature",
      "properties": {
        "id": "3220",
        "num": "12.0",
        "folio": "161",
        "parcel_id": "12",
        "merge_id": "161f12",
        "geom_id": "35967"
      },
      "geometry": {
        "type": "Point",
        "coordinates": [
          6.62774491537597,
          46.52897918364317
        ]
      }
    },
    {
      "type": "Feature",
      "properties": {
        "id": "3366",
        "num": "13.0",
        "folio": "27",
        "parcel_id": "13",
        "merge_id": "27f13",
        "geom_id": "14426"
      },
      "geometry": {
        "type": "Point",
        "coordinates": [
          6.628775108295499,
          46.52685693490796
        ]
      }
    },
    {
      "type": "Feature",
      "properties": {
        "id": "3367",
        "num": "13.0",
        "folio": "29",
        "parcel_id": "13",
        "merge_id": "29f13",
        "geom_id": "15267"
      },
      "geometry": {
        "type": "Point",
        "coordinates": [
          6.631384125710878,
          46.52700149653451
        ]
      }
    },
    {
      "type": "Feature",
      "properties": {
        "id": "3443",
        "num": "13.0",
        "folio": "131",
        "parcel_id": "13",
        "merge_id": "131f13",
        "geom_id": "30115"
      },
      "geometry": {
        "type": "Point",
        "coordinates": [
          6.610609331238148,
          46.52714279076227
        ]
      }
    },
    {
      "type": "Feature",
      "properties": {
        "id": "3444",
        "num": "13.0",
        "folio": "133",
        "parcel_id": "13",
        "merge_id": "133f13",
        "geom_id": "30227"
      },
      "geometry": {
        "type": "Point",
        "coordinates": [
          6.614320970011781,
          46.52544507452223
        ]
      }
    },
    {
      "type": "Feature",
      "properties": {
        "id": "3463",
        "num": "13.0",
        "folio": "156",
        "parcel_id": "13",
        "merge_id": "156f13",
        "geom_id": "34728"
      },
      "geometry": {
        "type": "Point",
        "coordinates": [
          6.627833297375932,
          46.528073423043864
        ]
      }
    },
    {
      "type": "Feature",
      "properties": {
        "id": "3464",
        "num": "13.0",
        "folio": "157",
        "parcel_id": "13",
        "merge_id": "157f13",
        "geom_id": "35043"
      },
      "geometry": {
        "type": "Point",
        "coordinates": [
          6.628612059910138,
          46.52788366872895
        ]
      }
    },
    {
      "type": "Feature",
      "properties": {
        "id": "3465",
        "num": "13.0",
        "folio": "158",
        "parcel_id": "13",
        "merge_id": "158f13",
        "geom_id": "35268"
      },
      "geometry": {
        "type": "Point",
        "coordinates": [
          6.630334387570763,
          46.52993316183828
        ]
      }
    },
    {
      "type": "Feature",
      "properties": {
        "id": "3466",
        "num": "13.0",
        "folio": "159",
        "parcel_id": "13",
        "merge_id": "159f13",
        "geom_id": "35568"
      },
      "geometry": {
        "type": "Point",
        "coordinates": [
          6.629966178391939,
          46.530918838194474
        ]
      }
    },
    {
      "type": "Feature",
      "properties": {
        "id": "3467",
        "num": "13.0",
        "folio": "160",
        "parcel_id": "13",
        "merge_id": "160f13",
        "geom_id": "35834"
      },
      "geometry": {
        "type": "Point",
        "coordinates": [
          6.627332737751369,
          46.5300580038848
        ]
      }
    },
    {
      "type": "Feature",
      "properties": {
        "id": "3468",
        "num": "13.0",
        "folio": "161",
        "parcel_id": "13",
        "merge_id": "161f13",
        "geom_id": "35997"
      },
      "geometry": {
        "type": "Point",
        "coordinates": [
          6.627877744819644,
          46.52870716368404
        ]
      }
    },
    {
      "type": "Feature",
      "properties": {
        "id": "3480",
        "num": "13.0",
        "folio": "176",
        "parcel_id": "13",
        "merge_id": "176f13",
        "geom_id": "37554"
      },
      "geometry": {
        "type": "Point",
        "coordinates": [
          6.628642240466299,
          46.53156936913342
        ]
      }
    },
    {
      "type": "Feature",
      "properties": {
        "id": "3591",
        "num": "13.3",
        "folio": "28",
        "parcel_id": "13-3",
        "merge_id": "28f13-3",
        "geom_id": "14776"
      },
      "geometry": {
        "type": "Point",
        "coordinates": [
          6.631728183200299,
          46.526472048965445
        ]
      }
    },
    {
      "type": "Feature",
      "properties": {
        "id": "3593",
        "num": "13.4",
        "folio": "28",
        "parcel_id": "13-4",
        "merge_id": "28f13-4",
        "geom_id": "14792"
      },
      "geometry": {
        "type": "Point",
        "coordinates": [
          6.631920129840019,
          46.526409483038904
        ]
      }
    },
    {
      "type": "Feature",
      "properties": {
        "id": "3618",
        "num": "14.0",
        "folio": "27",
        "parcel_id": "14",
        "merge_id": "27f14",
        "geom_id": "14416"
      },
      "geometry": {
        "type": "Point",
        "coordinates": [
          6.629111512501764,
          46.526683287919205
        ]
      }
    },
    {
      "type": "Feature",
      "properties": {
        "id": "3619",
        "num": "14.0",
        "folio": "28",
        "parcel_id": "14",
        "merge_id": "28f14",
        "geom_id": "14798"
      },
      "geometry": {
        "type": "Point",
        "coordinates": [
          6.631620829354091,
          46.52624539612049
        ]
      }
    },
    {
      "type": "Feature",
      "properties": {
        "id": "3620",
        "num": "14.0",
        "folio": "29",
        "parcel_id": "14",
        "merge_id": "29f14",
        "geom_id": "15266"
      },
      "geometry": {
        "type": "Point",
        "coordinates": [
          6.631360858433035,
          46.526962043756946
        ]
      }
    },
    {
      "type": "Feature",
      "properties": {
        "id": "3693",
        "num": "14.0",
        "folio": "129",
        "parcel_id": "14",
        "merge_id": "129f14",
        "geom_id": "29818"
      },
      "geometry": {
        "type": "Point",
        "coordinates": [
          6.613623563039408,
          46.52818268294955
        ]
      }
    },
    {
      "type": "Feature",
      "properties": {
        "id": "3695",
        "num": "14.0",
        "folio": "131",
        "parcel_id": "14",
        "merge_id": "131f14",
        "geom_id": "30095"
      },
      "geometry": {
        "type": "Point",
        "coordinates": [
          6.610563606740764,
          46.52726205511685
        ]
      }
    },
    {
      "type": "Feature",
      "properties": {
        "id": "3696",
        "num": "14.0",
        "folio": "133",
        "parcel_id": "14",
        "merge_id": "133f14",
        "geom_id": "30228"
      },
      "geometry": {
        "type": "Point",
        "coordinates": [
          6.614263784097685,
          46.525326631413
        ]
      }
    },
    {
      "type": "Feature",
      "properties": {
        "id": "3716",
        "num": "14.0",
        "folio": "156",
        "parcel_id": "14",
        "merge_id": "156f14",
        "geom_id": "34729"
      },
      "geometry": {
        "type": "Point",
        "coordinates": [
          6.627693769986092,
          46.5280305362402
        ]
      }
    },
    {
      "type": "Feature",
      "properties": {
        "id": "3717",
        "num": "14.0",
        "folio": "157",
        "parcel_id": "14",
        "merge_id": "157f14",
        "geom_id": "34984"
      },
      "geometry": {
        "type": "Point",
        "coordinates": [
          6.628847329560069,
          46.528117792508404
        ]
      }
    },
    {
      "type": "Feature",
      "properties": {
        "id": "3718",
        "num": "14.0",
        "folio": "158",
        "parcel_id": "14",
        "merge_id": "158f14",
        "geom_id": "35265"
      },
      "geometry": {
        "type": "Point",
        "coordinates": [
          6.630316576948982,
          46.52995712496023
        ]
      }
    },
    {
      "type": "Feature",
      "properties": {
        "id": "3719",
        "num": "14.0",
        "folio": "159",
        "parcel_id": "14",
        "merge_id": "159f14",
        "geom_id": "35561"
      },
      "geometry": {
        "type": "Point",
        "coordinates": [
          6.629877130578958,
          46.53108083834815
        ]
      }
    },
    {
      "type": "Feature",
      "properties": {
        "id": "3720",
        "num": "14.0",
        "folio": "160",
        "parcel_id": "14",
        "merge_id": "160f14",
        "geom_id": "35789"
      },
      "geometry": {
        "type": "Point",
        "coordinates": [
          6.627434142136035,
          46.53017913190081
        ]
      }
    },
    {
      "type": "Feature",
      "properties": {
        "id": "3721",
        "num": "14.0",
        "folio": "161",
        "parcel_id": "14",
        "merge_id": "161f14",
        "geom_id": "35990"
      },
      "geometry": {
        "type": "Point",
        "coordinates": [
          6.62752889765909,
          46.528521027779185
        ]
      }
    },
    {
      "type": "Feature",
      "properties": {
        "id": "3732",
        "num": "14.0",
        "folio": "176",
        "parcel_id": "14",
        "merge_id": "176f14",
        "geom_id": "37548"
      },
      "geometry": {
        "type": "Point",
        "coordinates": [
          6.628719037434951,
          46.53165763549893
        ]
      }
    },
    {
      "type": "Feature",
      "properties": {
        "id": "3865",
        "num": "15.0",
        "folio": "27",
        "parcel_id": "15",
        "merge_id": "27f15",
        "geom_id": "14372"
      },
      "geometry": {
        "type": "Point",
        "coordinates": [
          6.629114775306891,
          46.527024710931315
        ]
      }
    },
    {
      "type": "Feature",
      "properties": {
        "id": "3866",
        "num": "15.0",
        "folio": "28",
        "parcel_id": "15",
        "merge_id": "28f15",
        "geom_id": "14820"
      },
      "geometry": {
        "type": "Point",
        "coordinates": [
          6.63158449548691,
          46.52603203457427
        ]
      }
    },
    {
      "type": "Feature",
      "properties": {
        "id": "3867",
        "num": "15.0",
        "folio": "29",
        "parcel_id": "15",
        "merge_id": "29f15",
        "geom_id": "15303"
      },
      "geometry": {
        "type": "Point",
        "coordinates": [
          6.631367109826988,
          46.52679569528355
        ]
      }
    },
    {
      "type": "Feature",
      "properties": {
        "id": "3939",
        "num": "15.0",
        "folio": "131",
        "parcel_id": "15",
        "merge_id": "131f15",
        "geom_id": "30092"
      },
      "geometry": {
        "type": "Point",
        "coordinates": [
          6.610529202067871,
          46.5271451294574
        ]
      }
    },
    {
      "type": "Feature",
      "properties": {
        "id": "3940",
        "num": "15.0",
        "folio": "133",
        "parcel_id": "15",
        "merge_id": "133f15",
        "geom_id": "30230"
      },
      "geometry": {
        "type": "Point",
        "coordinates": [
          6.61440524069945,
          46.525329585020806
        ]
      }
    },
    {
      "type": "Feature",
      "properties": {
        "id": "3960",
        "num": "15.0",
        "folio": "156",
        "parcel_id": "15",
        "merge_id": "156f15",
        "geom_id": "34728"
      },
      "geometry": {
        "type": "Point",
        "coordinates": [
          6.627581050947597,
          46.52783823512123
        ]
      }
    },
    {
      "type": "Feature",
      "properties": {
        "id": "3961",
        "num": "15.0",
        "folio": "157",
        "parcel_id": "15",
        "merge_id": "157f15",
        "geom_id": "34973"
      },
      "geometry": {
        "type": "Point",
        "coordinates": [
          6.62889438029948,
          46.528164846472535
        ]
      }
    },
    {
      "type": "Feature",
      "properties": {
        "id": "3962",
        "num": "15.0",
        "folio": "158",
        "parcel_id": "15",
        "merge_id": "158f15",
        "geom_id": "35272"
      },
      "geometry": {
        "type": "Point",
        "coordinates": [
          6.630425653207555,
          46.52991545768744
        ]
      }
    },
    {
      "type": "Feature",
      "properties": {
        "id": "3963",
        "num": "15.0",
        "folio": "159",
        "parcel_id": "15",
        "merge_id": "159f15",
        "geom_id": "35564"
      },
      "geometry": {
        "type": "Point",
        "coordinates": [
          6.629736209301717,
          46.53102575520956
        ]
      }
    },
    {
      "type": "Feature",
      "properties": {
        "id": "3964",
        "num": "15.0",
        "folio": "160",
        "parcel_id": "15",
        "merge_id": "160f15",
        "geom_id": "35802"
      },
      "geometry": {
        "type": "Point",
        "coordinates": [
          6.627582134569025,
          46.53032237725289
        ]
      }
    },
    {
      "type": "Feature",
      "properties": {
        "id": "3965",
        "num": "15.0",
        "folio": "161",
        "parcel_id": "15",
        "merge_id": "161f15",
        "geom_id": "35983"
      },
      "geometry": {
        "type": "Point",
        "coordinates": [
          6.628326120924356,
          46.52894093864299
        ]
      }
    },
    {
      "type": "Feature",
      "properties": {
        "id": "3975",
        "num": "15.0",
        "folio": "176",
        "parcel_id": "15",
        "merge_id": "176f15",
        "geom_id": "37547"
      },
      "geometry": {
        "type": "Point",
        "coordinates": [
          6.628652099388968,
          46.53161599129055
        ]
      }
    },
    {
      "type": "Feature",
      "properties": {
        "id": "4107",
        "num": "16.0",
        "folio": "27",
        "parcel_id": "16",
        "merge_id": "27f16",
        "geom_id": "14356"
      },
      "geometry": {
        "type": "Point",
        "coordinates": [
          6.629262328161718,
          46.52726801001456
        ]
      }
    },
    {
      "type": "Feature",
      "properties": {
        "id": "4108",
        "num": "16.0",
        "folio": "28",
        "parcel_id": "16",
        "merge_id": "28f16",
        "geom_id": "14838"
      },
      "geometry": {
        "type": "Point",
        "coordinates": [
          6.631602924454048,
          46.52592817135784
        ]
      }
    },
    {
      "type": "Feature",
      "properties": {
        "id": "4109",
        "num": "16.0",
        "folio": "29",
        "parcel_id": "16",
        "merge_id": "29f16",
        "geom_id": "15294"
      },
      "geometry": {
        "type": "Point",
        "coordinates": [
          6.631353437740443,
          46.52687041705575
        ]
      }
    },
    {
      "type": "Feature",
      "properties": {
        "id": "4176",
        "num": "16.0",
        "folio": "129",
        "parcel_id": "16",
        "merge_id": "129f16",
        "geom_id": "29882"
      },
      "geometry": {
        "type": "Point",
        "coordinates": [
          6.613833241103589,
          46.52790014645349
        ]
      }
    },
    {
      "type": "Feature",
      "properties": {
        "id": "4178",
        "num": "16.0",
        "folio": "131",
        "parcel_id": "16",
        "merge_id": "131f16",
        "geom_id": "30135"
      },
      "geometry": {
        "type": "Point",
        "coordinates": [
          6.610581999399529,
          46.52701661466442
        ]
      }
    },
    {
      "type": "Feature",
      "properties": {
        "id": "4179",
        "num": "16.0",
        "folio": "133",
        "parcel_id": "16",
        "merge_id": "133f16",
        "geom_id": "30234"
      },
      "geometry": {
        "type": "Point",
        "coordinates": [
          6.614482933104116,
          46.525305663505094
        ]
      }
    },
    {
      "type": "Feature",
      "properties": {
        "id": "4199",
        "num": "16.0",
        "folio": "156",
        "parcel_id": "16",
        "merge_id": "156f16",
        "geom_id": "34796"
      },
      "geometry": {
        "type": "Point",
        "coordinates": [
          6.627339981662598,
          46.527543279365034
        ]
      }
    },
    {
      "type": "Feature",
      "properties": {
        "id": "4200",
        "num": "16.0",
        "folio": "157",
        "parcel_id": "16",
        "merge_id": "157f16",
        "geom_id": "34945"
      },
      "geometry": {
        "type": "Point",
        "coordinates": [
          6.628967289663072,
          46.52823214796541
        ]
      }
    },
    {
      "type": "Feature",
      "properties": {
        "id": "4201",
        "num": "16.0",
        "folio": "158",
        "parcel_id": "16",
        "merge_id": "158f16",
        "geom_id": "35302"
      },
      "geometry": {
        "type": "Point",
        "coordinates": [
          6.630468153611329,
          46.52985209397448
        ]
      }
    },
    {
      "type": "Feature",
      "properties": {
        "id": "4202",
        "num": "16.0",
        "folio": "159",
        "parcel_id": "16",
        "merge_id": "159f16",
        "geom_id": "35565"
      },
      "geometry": {
        "type": "Point",
        "coordinates": [
          6.629646705192243,
          46.53100609499281
        ]
      }
    },
    {
      "type": "Feature",
      "properties": {
        "id": "4203",
        "num": "16.0",
        "folio": "160",
        "parcel_id": "16",
        "merge_id": "160f16",
        "geom_id": "35821"
      },
      "geometry": {
        "type": "Point",
        "coordinates": [
          6.627646631505552,
          46.53020272967869
        ]
      }
    },
    {
      "type": "Feature",
      "properties": {
        "id": "4204",
        "num": "16.0",
        "folio": "161",
        "parcel_id": "16",
        "merge_id": "161f16",
        "geom_id": "35961"
      },
      "geometry": {
        "type": "Point",
        "coordinates": [
          6.628455499951684,
          46.52898309833899
        ]
      }
    },
    {
      "type": "Feature",
      "properties": {
        "id": "4213",
        "num": "16.0",
        "folio": "176",
        "parcel_id": "16",
        "merge_id": "176f16",
        "geom_id": "37533"
      },
      "geometry": {
        "type": "Point",
        "coordinates": [
          6.628786223066885,
          46.53181918618446
        ]
      }
    },
    {
      "type": "Feature",
      "properties": {
        "id": "4339",
        "num": "17.0",
        "folio": "27",
        "parcel_id": "17",
        "merge_id": "27f17",
        "geom_id": "14362"
      },
      "geometry": {
        "type": "Point",
        "coordinates": [
          6.62937791870181,
          46.52721246457585
        ]
      }
    },
    {
      "type": "Feature",
      "properties": {
        "id": "4340",
        "num": "17.0",
        "folio": "28",
        "parcel_id": "17",
        "merge_id": "28f17",
        "geom_id": "14830"
      },
      "geometry": {
        "type": "Point",
        "coordinates": [
          6.631334842536129,
          46.52587909725921
        ]
      }
    },
    {
      "type": "Feature",
      "properties": {
        "id": "4341",
        "num": "17.0",
        "folio": "29",
        "parcel_id": "17",
        "merge_id": "29f17",
        "geom_id": "15307"
      },
      "geometry": {
        "type": "Point",
        "coordinates": [
          6.631368460162168,
          46.52670528649752
        ]
      }
    },
    {
      "type": "Feature",
      "properties": {
        "id": "4407",
        "num": "17.0",
        "folio": "129",
        "parcel_id": "17",
        "merge_id": "129f17",
        "geom_id": "29876"
      },
      "geometry": {
        "type": "Point",
        "coordinates": [
          6.613725161063513,
          46.52795294624415
        ]
      }
    },
    {
      "type": "Feature",
      "properties": {
        "id": "4409",
        "num": "17.0",
        "folio": "131",
        "parcel_id": "17",
        "merge_id": "131f17",
        "geom_id": "30134"
      },
      "geometry": {
        "type": "Point",
        "coordinates": [
          6.610909915776127,
          46.52680184257239
        ]
      }
    },
    {
      "type": "Feature",
      "properties": {
        "id": "4410",
        "num": "17.0",
        "folio": "133",
        "parcel_id": "17",
        "merge_id": "133f17",
        "geom_id": "30237"
      },
      "geometry": {
        "type": "Point",
        "coordinates": [
          6.614573815392129,
          46.52527936163694
        ]
      }
    },
    {
      "type": "Feature",
      "properties": {
        "id": "4430",
        "num": "17.0",
        "folio": "156",
        "parcel_id": "17",
        "merge_id": "156f17",
        "geom_id": "34778"
      },
      "geometry": {
        "type": "Point",
        "coordinates": [
          6.627374064169756,
          46.52763011502775
        ]
      }
    },
    {
      "type": "Feature",
      "properties": {
        "id": "4431",
        "num": "17.0",
        "folio": "157",
        "parcel_id": "17",
        "merge_id": "157f17",
        "geom_id": "34935"
      },
      "geometry": {
        "type": "Point",
        "coordinates": [
          6.629045601412349,
          46.52829920134454
        ]
      }
    },
    {
      "type": "Feature",
      "properties": {
        "id": "4432",
        "num": "17.0",
        "folio": "158",
        "parcel_id": "17",
        "merge_id": "158f17",
        "geom_id": "35266"
      },
      "geometry": {
        "type": "Point",
        "coordinates": [
          6.630442070596631,
          46.52995687178309
        ]
      }
    },
    {
      "type": "Feature",
      "properties": {
        "id": "4433",
        "num": "17.0",
        "folio": "159",
        "parcel_id": "17",
        "merge_id": "159f17",
        "geom_id": "35586"
      },
      "geometry": {
        "type": "Point",
        "coordinates": [
          6.629766378682981,
          46.530882563701375
        ]
      }
    },
    {
      "type": "Feature",
      "properties": {
        "id": "4434",
        "num": "17.0",
        "folio": "161",
        "parcel_id": "17",
        "merge_id": "161f17",
        "geom_id": "35949"
      },
      "geometry": {
        "type": "Point",
        "coordinates": [
          6.628645065485793,
          46.529137670672036
        ]
      }
    },
    {
      "type": "Feature",
      "properties": {
        "id": "4443",
        "num": "17.0",
        "folio": "176",
        "parcel_id": "17",
        "merge_id": "176f17",
        "geom_id": "37561"
      },
      "geometry": {
        "type": "Point",
        "coordinates": [
          6.628768713323746,
          46.53151217830778
        ]
      }
    },
    {
      "type": "Feature",
      "properties": {
        "id": "4572",
        "num": "18.0",
        "folio": "27",
        "parcel_id": "18",
        "merge_id": "27f18",
        "geom_id": "14363"
      },
      "geometry": {
        "type": "Point",
        "coordinates": [
          6.629598647547099,
          46.52721201523318
        ]
      }
    },
    {
      "type": "Feature",
      "properties": {
        "id": "4573",
        "num": "18.0",
        "folio": "28",
        "parcel_id": "18",
        "merge_id": "28f18",
        "geom_id": "14841"
      },
      "geometry": {
        "type": "Point",
        "coordinates": [
          6.631627624701361,
          46.52582425512979
        ]
      }
    },
    {
      "type": "Feature",
      "properties": {
        "id": "4641",
        "num": "18.0",
        "folio": "129",
        "parcel_id": "18",
        "merge_id": "129f18",
        "geom_id": "29901"
      },
      "geometry": {
        "type": "Point",
        "coordinates": [
          6.613359501836522,
          46.527488760087856
        ]
      }
    },
    {
      "type": "Feature",
      "properties": {
        "id": "4643",
        "num": "18.0",
        "folio": "133",
        "parcel_id": "18",
        "merge_id": "133f18",
        "geom_id": "30239"
      },
      "geometry": {
        "type": "Point",
        "coordinates": [
          6.614321347597246,
          46.52526349633433
        ]
      }
    },
    {
      "type": "Feature",
      "properties": {
        "id": "4663",
        "num": "18.0",
        "folio": "156",
        "parcel_id": "18",
        "merge_id": "156f18",
        "geom_id": "34793"
      },
      "geometry": {
        "type": "Point",
        "coordinates": [
          6.627532175370709,
          46.52759794087288
        ]
      }
    },
    {
      "type": "Feature",
      "properties": {
        "id": "4664",
        "num": "18.0",
        "folio": "157",
        "parcel_id": "18",
        "merge_id": "157f18",
        "geom_id": "34957"
      },
      "geometry": {
        "type": "Point",
        "coordinates": [
          6.629013260457175,
          46.52821269961792
        ]
      }
    },
    {
      "type": "Feature",
      "properties": {
        "id": "4665",
        "num": "18.0",
        "folio": "158",
        "parcel_id": "18",
        "merge_id": "158f18",
        "geom_id": "35262"
      },
      "geometry": {
        "type": "Point",
        "coordinates": [
          6.630438356496893,
          46.52998294283342
        ]
      }
    },
    {
      "type": "Feature",
      "properties": {
        "id": "4666",
        "num": "18.0",
        "folio": "159",
        "parcel_id": "18",
        "merge_id": "159f18",
        "geom_id": "35599"
      },
      "geometry": {
        "type": "Point",
        "coordinates": [
          6.629828500497026,
          46.530818972614476
        ]
      }
    },
    {
      "type": "Feature",
      "properties": {
        "id": "4675",
        "num": "18.0",
        "folio": "176",
        "parcel_id": "18",
        "merge_id": "176f18",
        "geom_id": "37559"
      },
      "geometry": {
        "type": "Point",
        "coordinates": [
          6.628721555318709,
          46.53147290569547
        ]
      }
    },
    {
      "type": "Feature",
      "properties": {
        "id": "4797",
        "num": "19.0",
        "folio": "27",
        "parcel_id": "19",
        "merge_id": "27f19",
        "geom_id": "14373"
      },
      "geometry": {
        "type": "Point",
        "coordinates": [
          6.629549587832681,
          46.52713188018775
        ]
      }
    },
    {
      "type": "Feature",
      "properties": {
        "id": "4798",
        "num": "19.0",
        "folio": "28",
        "parcel_id": "19",
        "merge_id": "28f19",
        "geom_id": "14845"
      },
      "geometry": {
        "type": "Point",
        "coordinates": [
          6.631587791155425,
          46.52570103787773
        ]
      }
    },
    {
      "type": "Feature",
      "properties": {
        "id": "4865",
        "num": "19.0",
        "folio": "129",
        "parcel_id": "19",
        "merge_id": "129f19",
        "geom_id": "29898"
      },
      "geometry": {
        "type": "Point",
        "coordinates": [
          6.613324735790152,
          46.52760604967309
        ]
      }
    },
    {
      "type": "Feature",
      "properties": {
        "id": "4866",
        "num": "19.0",
        "folio": "130",
        "parcel_id": "19",
        "merge_id": "130f19",
        "geom_id": "30016"
      },
      "geometry": {
        "type": "Point",
        "coordinates": [
          6.614929317800507,
          46.52735080692204
        ]
      }
    },
    {
      "type": "Feature",
      "properties": {
        "id": "4867",
        "num": "19.0",
        "folio": "133",
        "parcel_id": "19",
        "merge_id": "133f19",
        "geom_id": "30229"
      },
      "geometry": {
        "type": "Point",
        "coordinates": [
          6.614492452372897,
          46.52536103230031
        ]
      }
    },
    {
      "type": "Feature",
      "properties": {
        "id": "4887",
        "num": "19.0",
        "folio": "156",
        "parcel_id": "19",
        "merge_id": "156f19",
        "geom_id": "34803"
      },
      "geometry": {
        "type": "Point",
        "coordinates": [
          6.627533736198961,
          46.52756538753601
        ]
      }
    },
    {
      "type": "Feature",
      "properties": {
        "id": "4888",
        "num": "19.0",
        "folio": "157",
        "parcel_id": "19",
        "merge_id": "157f19",
        "geom_id": "35028"
      },
      "geometry": {
        "type": "Point",
        "coordinates": [
          6.628862563027189,
          46.527960263277905
        ]
      }
    },
    {
      "type": "Feature",
      "properties": {
        "id": "4889",
        "num": "19.0",
        "folio": "158",
        "parcel_id": "19",
        "merge_id": "158f19",
        "geom_id": "35261"
      },
      "geometry": {
        "type": "Point",
        "coordinates": [
          6.630595949753235,
          46.529975748484716
        ]
      }
    },
    {
      "type": "Feature",
      "properties": {
        "id": "4890",
        "num": "19.0",
        "folio": "159",
        "parcel_id": "19",
        "merge_id": "159f19",
        "geom_id": "35601"
      },
      "geometry": {
        "type": "Point",
        "coordinates": [
          6.629770113680315,
          46.530797589537414
        ]
      }
    },
    {
      "type": "Feature",
      "properties": {
        "id": "4891",
        "num": "19.0",
        "folio": "160",
        "parcel_id": "19",
        "merge_id": "160f19",
        "geom_id": "35773"
      },
      "geometry": {
        "type": "Point",
        "coordinates": [
          6.627933295346027,
          46.530655774244515
        ]
      }
    },
    {
      "type": "Feature",
      "properties": {
        "id": "4900",
        "num": "19.0",
        "folio": "176",
        "parcel_id": "19",
        "merge_id": "176f19",
        "geom_id": "37550"
      },
      "geometry": {
        "type": "Point",
        "coordinates": [
          6.628873533967085,
          46.531595307910166
        ]
      }
    },
    {
      "type": "Feature",
      "properties": {
        "id": "5022",
        "num": "20.0",
        "folio": "27",
        "parcel_id": "20",
        "merge_id": "27f20",
        "geom_id": "14377"
      },
      "geometry": {
        "type": "Point",
        "coordinates": [
          6.629663196361671,
          46.52706880433161
        ]
      }
    },
    {
      "type": "Feature",
      "properties": {
        "id": "5023",
        "num": "20.0",
        "folio": "28",
        "parcel_id": "20",
        "merge_id": "28f20",
        "geom_id": "14864"
      },
      "geometry": {
        "type": "Point",
        "coordinates": [
          6.631512847088273,
          46.525619809696686
        ]
      }
    },
    {
      "type": "Feature",
      "properties": {
        "id": "5083",
        "num": "20.0",
        "folio": "129",
        "parcel_id": "20",
        "merge_id": "129f20",
        "geom_id": "29775"
      },
      "geometry": {
        "type": "Point",
        "coordinates": [
          6.613201877347876,
          46.527489404775814
        ]
      }
    },
    {
      "type": "Feature",
      "properties": {
        "id": "5084",
        "num": "20.0",
        "folio": "130",
        "parcel_id": "20",
        "merge_id": "130f20",
        "geom_id": "30012"
      },
      "geometry": {
        "type": "Point",
        "coordinates": [
          6.614929772573176,
          46.52737598442296
        ]
      }
    },
    {
      "type": "Feature",
      "properties": {
        "id": "5085",
        "num": "20.0",
        "folio": "133",
        "parcel_id": "20",
        "merge_id": "133f20",
        "geom_id": "30243"
      },
      "geometry": {
        "type": "Point",
        "coordinates": [
          6.614784845858401,
          46.52521569017634
        ]
      }
    },
    {
      "type": "Feature",
      "properties": {
        "id": "5104",
        "num": "20.0",
        "folio": "156",
        "parcel_id": "20",
        "merge_id": "156f20",
        "geom_id": "34789"
      },
      "geometry": {
        "type": "Point",
        "coordinates": [
          6.62745599462475,
          46.5276010967439
        ]
      }
    },
    {
      "type": "Feature",
      "properties": {
        "id": "5105",
        "num": "20.0",
        "folio": "157",
        "parcel_id": "20",
        "merge_id": "157f20",
        "geom_id": "35070"
      },
      "geometry": {
        "type": "Point",
        "coordinates": [
          6.628724865218764,
          46.52783804249393
        ]
      }
    },
    {
      "type": "Feature",
      "properties": {
        "id": "5106",
        "num": "20.0",
        "folio": "158",
        "parcel_id": "20",
        "merge_id": "158f20",
        "geom_id": "35252"
      },
      "geometry": {
        "type": "Point",
        "coordinates": [
          6.630700785816917,
          46.530039688894426
        ]
      }
    },
    {
      "type": "Feature",
      "properties": {
        "id": "5108",
        "num": "20.0",
        "folio": "160",
        "parcel_id": "20",
        "merge_id": "160f20",
        "geom_id": "35782"
      },
      "geometry": {
        "type": "Point",
        "coordinates": [
          6.628135737938372,
          46.53063837996208
        ]
      }
    },
    {
      "type": "Feature",
      "properties": {
        "id": "5235",
        "num": "21.0",
        "folio": "27",
        "parcel_id": "21",
        "merge_id": "27f21",
        "geom_id": "14369"
      },
      "geometry": {
        "type": "Point",
        "coordinates": [
          6.62964126564861,
          46.5271628869948
        ]
      }
    },
    {
      "type": "Feature",
      "properties": {
        "id": "5236",
        "num": "21.0",
        "folio": "28",
        "parcel_id": "21",
        "merge_id": "28f21",
        "geom_id": "14860"
      },
      "geometry": {
        "type": "Point",
        "coordinates": [
          6.631379394613823,
          46.52562482709878
        ]
      }
    },
    {
      "type": "Feature",
      "properties": {
        "id": "5290",
        "num": "21.0",
        "folio": "129",
        "parcel_id": "21",
        "merge_id": "129f21",
        "geom_id": "29771"
      },
      "geometry": {
        "type": "Point",
        "coordinates": [
          6.613220141643333,
          46.527348596783575
        ]
      }
    },
    {
      "type": "Feature",
      "properties": {
        "id": "5291",
        "num": "21.0",
        "folio": "130",
        "parcel_id": "21",
        "merge_id": "130f21",
        "geom_id": "30015"
      },
      "geometry": {
        "type": "Point",
        "coordinates": [
          6.615372051418403,
          46.52723943428486
        ]
      }
    },
    {
      "type": "Feature",
      "properties": {
        "id": "5312",
        "num": "21.0",
        "folio": "157",
        "parcel_id": "21",
        "merge_id": "157f21",
        "geom_id": "35003"
      },
      "geometry": {
        "type": "Point",
        "coordinates": [
          6.628958577307417,
          46.52806527617582
        ]
      }
    },
    {
      "type": "Feature",
      "properties": {
        "id": "5313",
        "num": "21.0",
        "folio": "158",
        "parcel_id": "21",
        "merge_id": "158f21",
        "geom_id": "35257"
      },
      "geometry": {
        "type": "Point",
        "coordinates": [
          6.630746314224492,
          46.52995778105402
        ]
      }
    },
    {
      "type": "Feature",
      "properties": {
        "id": "5315",
        "num": "21.0",
        "folio": "160",
        "parcel_id": "21",
        "merge_id": "160f21",
        "geom_id": "35779"
      },
      "geometry": {
        "type": "Point",
        "coordinates": [
          6.628225622553586,
          46.5307314585001
        ]
      }
    },
    {
      "type": "Feature",
      "properties": {
        "id": "5323",
        "num": "21.0",
        "folio": "176",
        "parcel_id": "21",
        "merge_id": "176f21",
        "geom_id": "37511"
      },
      "geometry": {
        "type": "Point",
        "coordinates": [
          6.629191804650237,
          46.53207753339995
        ]
      }
    },
    {
      "type": "Feature",
      "properties": {
        "id": "5442",
        "num": "22.0",
        "folio": "27",
        "parcel_id": "22",
        "merge_id": "27f22",
        "geom_id": "14402"
      },
      "geometry": {
        "type": "Point",
        "coordinates": [
          6.629446983010796,
          46.52685161116174
        ]
      }
    },
    {
      "type": "Feature",
      "properties": {
        "id": "5443",
        "num": "22.0",
        "folio": "28",
        "parcel_id": "22",
        "merge_id": "28f22",
        "geom_id": "14866"
      },
      "geometry": {
        "type": "Point",
        "coordinates": [
          6.631217315777126,
          46.525617138570915
        ]
      }
    },
    {
      "type": "Feature",
      "properties": {
        "id": "5498",
        "num": "22.0",
        "folio": "129",
        "parcel_id": "22",
        "merge_id": "129f22",
        "geom_id": "29771"
      },
      "geometry": {
        "type": "Point",
        "coordinates": [
          6.613179943803686,
          46.52732957820719
        ]
      }
    },
    {
      "type": "Feature",
      "properties": {
        "id": "5499",
        "num": "22.0",
        "folio": "130",
        "parcel_id": "22",
        "merge_id": "130f22",
        "geom_id": "30001"
      },
      "geometry": {
        "type": "Point",
        "coordinates": [
          6.614240238541052,
          46.52736112341808
        ]
      }
    },
    {
      "type": "Feature",
      "properties": {
        "id": "5520",
        "num": "22.0",
        "folio": "157",
        "parcel_id": "22",
        "merge_id": "157f22",
        "geom_id": "34986"
      },
      "geometry": {
        "type": "Point",
        "coordinates": [
          6.629003175399861,
          46.52810973306149
        ]
      }
    },
    {
      "type": "Feature",
      "properties": {
        "id": "5521",
        "num": "22.0",
        "folio": "158",
        "parcel_id": "22",
        "merge_id": "158f22",
        "geom_id": "35306"
      },
      "geometry": {
        "type": "Point",
        "coordinates": [
          6.630769196920519,
          46.529606750880795
        ]
      }
    },
    {
      "type": "Feature",
      "properties": {
        "id": "5523",
        "num": "22.0",
        "folio": "160",
        "parcel_id": "22",
        "merge_id": "160f22",
        "geom_id": "35766"
      },
      "geometry": {
        "type": "Point",
        "coordinates": [
          6.628248079699191,
          46.530769888787134
        ]
      }
    },
    {
      "type": "Feature",
      "properties": {
        "id": "5644",
        "num": "23.0",
        "folio": "27",
        "parcel_id": "23",
        "merge_id": "27f23",
        "geom_id": "14405"
      },
      "geometry": {
        "type": "Point",
        "coordinates": [
          6.629930577385434,
          46.526917499819284
        ]
      }
    },
    {
      "type": "Feature",
      "properties": {
        "id": "5645",
        "num": "23.0",
        "folio": "28",
        "parcel_id": "23",
        "merge_id": "28f23",
        "geom_id": "14611"
      },
      "geometry": {
        "type": "Point",
        "coordinates": [
          6.631206787587722,
          46.525688098012694
        ]
      }
    },
    {
      "type": "Feature",
      "properties": {
        "id": "5698",
        "num": "23.0",
        "folio": "129",
        "parcel_id": "23",
        "merge_id": "129f23",
        "geom_id": "29906"
      },
      "geometry": {
        "type": "Point",
        "coordinates": [
          6.613004407580707,
          46.5276722855798
        ]
      }
    },
    {
      "type": "Feature",
      "properties": {
        "id": "5699",
        "num": "23.0",
        "folio": "130",
        "parcel_id": "23",
        "merge_id": "130f23",
        "geom_id": "30033"
      },
      "geometry": {
        "type": "Point",
        "coordinates": [
          6.614118119660731,
          46.52690942998941
        ]
      }
    },
    {
      "type": "Feature",
      "properties": {
        "id": "5700",
        "num": "23.0",
        "folio": "133",
        "parcel_id": "23",
        "merge_id": "133f23",
        "geom_id": "30232"
      },
      "geometry": {
        "type": "Point",
        "coordinates": [
          6.61483120902734,
          46.524893583137455
        ]
      }
    },
    {
      "type": "Feature",
      "properties": {
        "id": "5719",
        "num": "23.0",
        "folio": "156",
        "parcel_id": "23",
        "merge_id": "156f23",
        "geom_id": "34818"
      },
      "geometry": {
        "type": "Point",
        "coordinates": [
          6.627579271395522,
          46.52742993420614
        ]
      }
    },
    {
      "type": "Feature",
      "properties": {
        "id": "5720",
        "num": "23.0",
        "folio": "157",
        "parcel_id": "23",
        "merge_id": "157f23",
        "geom_id": "34958"
      },
      "geometry": {
        "type": "Point",
        "coordinates": [
          6.629088417030853,
          46.52818543429732
        ]
      }
    },
    {
      "type": "Feature",
      "properties": {
        "id": "5721",
        "num": "23.0",
        "folio": "158",
        "parcel_id": "23",
        "merge_id": "158f23",
        "geom_id": "35355"
      },
      "geometry": {
        "type": "Point",
        "coordinates": [
          6.630680486386209,
          46.52924074497752
        ]
      }
    },
    {
      "type": "Feature",
      "properties": {
        "id": "5723",
        "num": "23.0",
        "folio": "160",
        "parcel_id": "23",
        "merge_id": "160f23",
        "geom_id": "35767"
      },
      "geometry": {
        "type": "Point",
        "coordinates": [
          6.628170880045632,
          46.53082644783378
        ]
      }
    },
    {
      "type": "Feature",
      "properties": {
        "id": "5844",
        "num": "24.0",
        "folio": "27",
        "parcel_id": "24",
        "merge_id": "27f24",
        "geom_id": "14396"
      },
      "geometry": {
        "type": "Point",
        "coordinates": [
          6.630027801632536,
          46.52699768890431
        ]
      }
    },
    {
      "type": "Feature",
      "properties": {
        "id": "5845",
        "num": "24.0",
        "folio": "28",
        "parcel_id": "24",
        "merge_id": "28f24",
        "geom_id": "14842"
      },
      "geometry": {
        "type": "Point",
        "coordinates": [
          6.631343066382295,
          46.52571435604515
        ]
      }
    },
    {
      "type": "Feature",
      "properties": {
        "id": "5896",
        "num": "24.0",
        "folio": "128",
        "parcel_id": "24",
        "merge_id": "128f24",
        "geom_id": "29758"
      },
      "geometry": {
        "type": "Point",
        "coordinates": [
          6.61023034454456,
          46.52846670747491
        ]
      }
    },
    {
      "type": "Feature",
      "properties": {
        "id": "5897",
        "num": "24.0",
        "folio": "129",
        "parcel_id": "24",
        "merge_id": "129f24",
        "geom_id": "29756"
      },
      "geometry": {
        "type": "Point",
        "coordinates": [
          6.612866750272428,
          46.527611936354894
        ]
      }
    },
    {
      "type": "Feature",
      "properties": {
        "id": "5898",
        "num": "24.0",
        "folio": "130",
        "parcel_id": "24",
        "merge_id": "130f24",
        "geom_id": "30031"
      },
      "geometry": {
        "type": "Point",
        "coordinates": [
          6.613956714982115,
          46.52690941435481
        ]
      }
    },
    {
      "type": "Feature",
      "properties": {
        "id": "5899",
        "num": "24.0",
        "folio": "133",
        "parcel_id": "24",
        "merge_id": "133f24",
        "geom_id": "30217"
      },
      "geometry": {
        "type": "Point",
        "coordinates": [
          6.614871791101046,
          46.52544769960725
        ]
      }
    },
    {
      "type": "Feature",
      "properties": {
        "id": "5918",
        "num": "24.0",
        "folio": "156",
        "parcel_id": "24",
        "merge_id": "156f24",
        "geom_id": "34809"
      },
      "geometry": {
        "type": "Point",
        "coordinates": [
          6.627723935856755,
          46.52751998718032
        ]
      }
    },
    {
      "type": "Feature",
      "properties": {
        "id": "5919",
        "num": "24.0",
        "folio": "157",
        "parcel_id": "24",
        "merge_id": "157f24",
        "geom_id": "35055"
      },
      "geometry": {
        "type": "Point",
        "coordinates": [
          6.628989289524234,
          46.52790011880096
        ]
      }
    },
    {
      "type": "Feature",
      "properties": {
        "id": "5920",
        "num": "24.0",
        "folio": "158",
        "parcel_id": "24",
        "merge_id": "158f24",
        "geom_id": "35305"
      },
      "geometry": {
        "type": "Point",
        "coordinates": [
          6.630617344334032,
          46.5297120579338
        ]
      }
    },
    {
      "type": "Feature",
      "properties": {
        "id": "5922",
        "num": "24.0",
        "folio": "160",
        "parcel_id": "24",
        "merge_id": "160f24",
        "geom_id": "35765"
      },
      "geometry": {
        "type": "Point",
        "coordinates": [
          6.628141713070895,
          46.53086568691839
        ]
      }
    },
    {
      "type": "Feature",
      "properties": {
        "id": "6042",
        "num": "25.0",
        "folio": "27",
        "parcel_id": "25",
        "merge_id": "27f25",
        "geom_id": "14419"
      },
      "geometry": {
        "type": "Point",
        "coordinates": [
          6.629870749511535,
          46.526857234456585
        ]
      }
    },
    {
      "type": "Feature",
      "properties": {
        "id": "6043",
        "num": "25.0",
        "folio": "28",
        "parcel_id": "25",
        "merge_id": "28f25",
        "geom_id": "14873"
      },
      "geometry": {
        "type": "Point",
        "coordinates": [
          6.631198865311275,
          46.52558461558882
        ]
      }
    },
    {
      "type": "Feature",
      "properties": {
        "id": "6092",
        "num": "25.0",
        "folio": "127",
        "parcel_id": "25",
        "merge_id": "127f25",
        "geom_id": "29449"
      },
      "geometry": {
        "type": "Point",
        "coordinates": [
          6.609116464848715,
          46.52665952049546
        ]
      }
    },
    {
      "type": "Feature",
      "properties": {
        "id": "6093",
        "num": "25.0",
        "folio": "128",
        "parcel_id": "25",
        "merge_id": "128f25",
        "geom_id": "29690"
      },
      "geometry": {
        "type": "Point",
        "coordinates": [
          6.609997405499502,
          46.52929348948465
        ]
      }
    },
    {
      "type": "Feature",
      "properties": {
        "id": "6094",
        "num": "25.0",
        "folio": "129",
        "parcel_id": "25",
        "merge_id": "129f25",
        "geom_id": "29756"
      },
      "geometry": {
        "type": "Point",
        "coordinates": [
          6.612718660418935,
          46.52766069876362
        ]
      }
    },
    {
      "type": "Feature",
      "properties": {
        "id": "6095",
        "num": "25.0",
        "folio": "130",
        "parcel_id": "25",
        "merge_id": "130f25",
        "geom_id": "30046"
      },
      "geometry": {
        "type": "Point",
        "coordinates": [
          6.613521185353744,
          46.52652140079365
        ]
      }
    },
    {
      "type": "Feature",
      "properties": {
        "id": "6096",
        "num": "25.0",
        "folio": "133",
        "parcel_id": "25",
        "merge_id": "133f25",
        "geom_id": "30218"
      },
      "geometry": {
        "type": "Point",
        "coordinates": [
          6.614221885293989,
          46.525590994930326
        ]
      }
    },
    {
      "type": "Feature",
      "properties": {
        "id": "6115",
        "num": "25.0",
        "folio": "156",
        "parcel_id": "25",
        "merge_id": "156f25",
        "geom_id": "34807"
      },
      "geometry": {
        "type": "Point",
        "coordinates": [
          6.62775379885468,
          46.52753298931142
        ]
      }
    },
    {
      "type": "Feature",
      "properties": {
        "id": "6116",
        "num": "25.0",
        "folio": "157",
        "parcel_id": "25",
        "merge_id": "157f25",
        "geom_id": "35084"
      },
      "geometry": {
        "type": "Point",
        "coordinates": [
          6.628846673350493,
          46.52777356385005
        ]
      }
    },
    {
      "type": "Feature",
      "properties": {
        "id": "6117",
        "num": "25.0",
        "folio": "158",
        "parcel_id": "25",
        "merge_id": "158f25",
        "geom_id": "35357"
      },
      "geometry": {
        "type": "Point",
        "coordinates": [
          6.630584837234886,
          46.529468345300394
        ]
      }
    },
    {
      "type": "Feature",
      "properties": {
        "id": "6119",
        "num": "25.0",
        "folio": "160",
        "parcel_id": "25",
        "merge_id": "160f25",
        "geom_id": "35725"
      },
      "geometry": {
        "type": "Point",
        "coordinates": [
          6.62850259353519,
          46.530949514094274
        ]
      }
    },
    {
      "type": "Feature",
      "properties": {
        "id": "6238",
        "num": "26.0",
        "folio": "27",
        "parcel_id": "26",
        "merge_id": "27f26",
        "geom_id": "14410"
      },
      "geometry": {
        "type": "Point",
        "coordinates": [
          6.630140649588019,
          46.52692940377338
        ]
      }
    },
    {
      "type": "Feature",
      "properties": {
        "id": "6239",
        "num": "26.0",
        "folio": "28",
        "parcel_id": "26",
        "merge_id": "28f26",
        "geom_id": "14875"
      },
      "geometry": {
        "type": "Point",
        "coordinates": [
          6.631250618466173,
          46.52559237147658
        ]
      }
    },
    {
      "type": "Feature",
      "properties": {
        "id": "6284",
        "num": "26.0",
        "folio": "127",
        "parcel_id": "26",
        "merge_id": "127f26",
        "geom_id": "29411"
      },
      "geometry": {
        "type": "Point",
        "coordinates": [
          6.609910771901442,
          46.52712919729746
        ]
      }
    },
    {
      "type": "Feature",
      "properties": {
        "id": "6286",
        "num": "26.0",
        "folio": "129",
        "parcel_id": "26",
        "merge_id": "129f26",
        "geom_id": "29875"
      },
      "geometry": {
        "type": "Point",
        "coordinates": [
          6.613092397327224,
          46.5280056747471
        ]
      }
    },
    {
      "type": "Feature",
      "properties": {
        "id": "6287",
        "num": "26.0",
        "folio": "130",
        "parcel_id": "26",
        "merge_id": "130f26",
        "geom_id": "30038"
      },
      "geometry": {
        "type": "Point",
        "coordinates": [
          6.614803568773778,
          46.526762507932474
        ]
      }
    },
    {
      "type": "Feature",
      "properties": {
        "id": "6288",
        "num": "26.0",
        "folio": "133",
        "parcel_id": "26",
        "merge_id": "133f26",
        "geom_id": "30213"
      },
      "geometry": {
        "type": "Point",
        "coordinates": [
          6.614762401765755,
          46.52594478033596
        ]
      }
    },
    {
      "type": "Feature",
      "properties": {
        "id": "6307",
        "num": "26.0",
        "folio": "156",
        "parcel_id": "26",
        "merge_id": "156f26",
        "geom_id": "34806"
      },
      "geometry": {
        "type": "Point",
        "coordinates": [
          6.627557300574737,
          46.52750506181344
        ]
      }
    },
    {
      "type": "Feature",
      "properties": {
        "id": "6308",
        "num": "26.0",
        "folio": "157",
        "parcel_id": "26",
        "merge_id": "157f26",
        "geom_id": "35027"
      },
      "geometry": {
        "type": "Point",
        "coordinates": [
          6.629082072314334,
          46.52799908962988
        ]
      }
    },
    {
      "type": "Feature",
      "properties": {
        "id": "6309",
        "num": "26.0",
        "folio": "158",
        "parcel_id": "26",
        "merge_id": "158f26",
        "geom_id": "35335"
      },
      "geometry": {
        "type": "Point",
        "coordinates": [
          6.630461314942662,
          46.52971558636635
        ]
      }
    },
    {
      "type": "Feature",
      "properties": {
        "id": "6311",
        "num": "26.0",
        "folio": "160",
        "parcel_id": "26",
        "merge_id": "160f26",
        "geom_id": "35747"
      },
      "geometry": {
        "type": "Point",
        "coordinates": [
          6.628245963895268,
          46.53093943872701
        ]
      }
    },
    {
      "type": "Feature",
      "properties": {
        "id": "6425",
        "num": "27.0",
        "folio": "27",
        "parcel_id": "27",
        "merge_id": "27f27",
        "geom_id": "14390"
      },
      "geometry": {
        "type": "Point",
        "coordinates": [
          6.62972120943421,
          46.5267466082555
        ]
      }
    },
    {
      "type": "Feature",
      "properties": {
        "id": "6426",
        "num": "27.0",
        "folio": "28",
        "parcel_id": "27",
        "merge_id": "28f27",
        "geom_id": "14878"
      },
      "geometry": {
        "type": "Point",
        "coordinates": [
          6.631331121049714,
          46.52557703264648
        ]
      }
    },
    {
      "type": "Feature",
      "properties": {
        "id": "6468",
        "num": "27.0",
        "folio": "127",
        "parcel_id": "27",
        "merge_id": "127f27",
        "geom_id": "29413"
      },
      "geometry": {
        "type": "Point",
        "coordinates": [
          6.610070720244473,
          46.527303888038524
        ]
      }
    },
    {
      "type": "Feature",
      "properties": {
        "id": "6470",
        "num": "27.0",
        "folio": "129",
        "parcel_id": "27",
        "merge_id": "129f27",
        "geom_id": "29756"
      },
      "geometry": {
        "type": "Point",
        "coordinates": [
          6.612581227276074,
          46.527717960820894
        ]
      }
    },
    {
      "type": "Feature",
      "properties": {
        "id": "6471",
        "num": "27.0",
        "folio": "130",
        "parcel_id": "27",
        "merge_id": "130f27",
        "geom_id": "30039"
      },
      "geometry": {
        "type": "Point",
        "coordinates": [
          6.614998874528687,
          46.52680297730518
        ]
      }
    },
    {
      "type": "Feature",
      "properties": {
        "id": "6489",
        "num": "27.0",
        "folio": "156",
        "parcel_id": "27",
        "merge_id": "156f27",
        "geom_id": "34835"
      },
      "geometry": {
        "type": "Point",
        "coordinates": [
          6.627359364222238,
          46.52710794855594
        ]
      }
    },
    {
      "type": "Feature",
      "properties": {
        "id": "6490",
        "num": "27.0",
        "folio": "157",
        "parcel_id": "27",
        "merge_id": "157f27",
        "geom_id": "35008"
      },
      "geometry": {
        "type": "Point",
        "coordinates": [
          6.629129127446974,
          46.528045856913366
        ]
      }
    },
    {
      "type": "Feature",
      "properties": {
        "id": "6491",
        "num": "27.0",
        "folio": "158",
        "parcel_id": "27",
        "merge_id": "158f27",
        "geom_id": "35353"
      },
      "geometry": {
        "type": "Point",
        "coordinates": [
          6.630142957536076,
          46.52948011030102
        ]
      }
    },
    {
      "type": "Feature",
      "properties": {
        "id": "6493",
        "num": "27.0",
        "folio": "160",
        "parcel_id": "27",
        "merge_id": "160f27",
        "geom_id": "35745"
      },
      "geometry": {
        "type": "Point",
        "coordinates": [
          6.628396954892701,
          46.53108211563079
        ]
      }
    },
    {
      "type": "Feature",
      "properties": {
        "id": "6602",
        "num": "28.0",
        "folio": "27",
        "parcel_id": "28",
        "merge_id": "27f28",
        "geom_id": "14413"
      },
      "geometry": {
        "type": "Point",
        "coordinates": [
          6.630181992740604,
          46.526909463006376
        ]
      }
    },
    {
      "type": "Feature",
      "properties": {
        "id": "6603",
        "num": "28.0",
        "folio": "28",
        "parcel_id": "28",
        "merge_id": "28f28",
        "geom_id": "14883"
      },
      "geometry": {
        "type": "Point",
        "coordinates": [
          6.631465422097455,
          46.5255703165145
        ]
      }
    },
    {
      "type": "Feature",
      "properties": {
        "id": "6644",
        "num": "28.0",
        "folio": "127",
        "parcel_id": "28",
        "merge_id": "127f28",
        "geom_id": "29415"
      },
      "geometry": {
        "type": "Point",
        "coordinates": [
          6.610213249812582,
          46.527099336071096
        ]
      }
    },
    {
      "type": "Feature",
      "properties": {
        "id": "6646",
        "num": "28.0",
        "folio": "129",
        "parcel_id": "28",
        "merge_id": "129f28",
        "geom_id": "29866"
      },
      "geometry": {
        "type": "Point",
        "coordinates": [
          6.61268407769489,
          46.52820292860423
        ]
      }
    },
    {
      "type": "Feature",
      "properties": {
        "id": "6647",
        "num": "28.0",
        "folio": "130",
        "parcel_id": "28",
        "merge_id": "130f28",
        "geom_id": "30040"
      },
      "geometry": {
        "type": "Point",
        "coordinates": [
          6.615485076614076,
          46.52675499998171
        ]
      }
    },
    {
      "type": "Feature",
      "properties": {
        "id": "6664",
        "num": "28.0",
        "folio": "156",
        "parcel_id": "28",
        "merge_id": "156f28",
        "geom_id": "34824"
      },
      "geometry": {
        "type": "Point",
        "coordinates": [
          6.62775286188417,
          46.52738137599138
        ]
      }
    },
    {
      "type": "Feature",
      "properties": {
        "id": "6665",
        "num": "28.0",
        "folio": "157",
        "parcel_id": "28",
        "merge_id": "157f28",
        "geom_id": "34967"
      },
      "geometry": {
        "type": "Point",
        "coordinates": [
          6.629216355136973,
          46.52812759112641
        ]
      }
    },
    {
      "type": "Feature",
      "properties": {
        "id": "6666",
        "num": "28.0",
        "folio": "158",
        "parcel_id": "28",
        "merge_id": "158f28",
        "geom_id": "35359"
      },
      "geometry": {
        "type": "Point",
        "coordinates": [
          6.630178454805757,
          46.52941268179127
        ]
      }
    },
    {
      "type": "Feature",
      "properties": {
        "id": "6668",
        "num": "28.0",
        "folio": "160",
        "parcel_id": "28",
        "merge_id": "160f28",
        "geom_id": "35740"
      },
      "geometry": {
        "type": "Point",
        "coordinates": [
          6.628460138736417,
          46.53116381671969
        ]
      }
    },
    {
      "type": "Feature",
      "properties": {
        "id": "6775",
        "num": "29.0",
        "folio": "27",
        "parcel_id": "29",
        "merge_id": "27f29",
        "geom_id": "14415"
      },
      "geometry": {
        "type": "Point",
        "coordinates": [
          6.630316102996833,
          46.52684768890049
        ]
      }
    },
    {
      "type": "Feature",
      "properties": {
        "id": "6776",
        "num": "29.0",
        "folio": "28",
        "parcel_id": "29",
        "merge_id": "28f29",
        "geom_id": "14889"
      },
      "geometry": {
        "type": "Point",
        "coordinates": [
          6.631466693313787,
          46.52546720609803
        ]
      }
    },
    {
      "type": "Feature",
      "properties": {
        "id": "6777",
        "num": "29.0",
        "folio": "29",
        "parcel_id": "29",
        "merge_id": "29f29",
        "geom_id": "15304"
      },
      "geometry": {
        "type": "Point",
        "coordinates": [
          6.633286526323432,
          46.52685064567502
        ]
      }
    },
    {
      "type": "Feature",
      "properties": {
        "id": "6816",
        "num": "29.0",
        "folio": "127",
        "parcel_id": "29",
        "merge_id": "127f29",
        "geom_id": "29466"
      },
      "geometry": {
        "type": "Point",
        "coordinates": [
          6.61017919471625,
          46.5269393092118
        ]
      }
    },
    {
      "type": "Feature",
      "properties": {
        "id": "6817",
        "num": "29.0",
        "folio": "129",
        "parcel_id": "29",
        "merge_id": "129f29",
        "geom_id": "29871"
      },
      "geometry": {
        "type": "Point",
        "coordinates": [
          6.612842463846416,
          46.52810872227042
        ]
      }
    },
    {
      "type": "Feature",
      "properties": {
        "id": "6833",
        "num": "29.0",
        "folio": "156",
        "parcel_id": "29",
        "merge_id": "156f29",
        "geom_id": "34817"
      },
      "geometry": {
        "type": "Point",
        "coordinates": [
          6.627821430727891,
          46.52747334132077
        ]
      }
    },
    {
      "type": "Feature",
      "properties": {
        "id": "6834",
        "num": "29.0",
        "folio": "157",
        "parcel_id": "29",
        "merge_id": "157f29",
        "geom_id": "35072"
      },
      "geometry": {
        "type": "Point",
        "coordinates": [
          6.629098520678661,
          46.52784357534188
        ]
      }
    },
    {
      "type": "Feature",
      "properties": {
        "id": "6835",
        "num": "29.0",
        "folio": "158",
        "parcel_id": "29",
        "merge_id": "158f29",
        "geom_id": "35359"
      },
      "geometry": {
        "type": "Point",
        "coordinates": [
          6.630225991767486,
          46.52937373084861
        ]
      }
    },
    {
      "type": "Feature",
      "properties": {
        "id": "6837",
        "num": "29.0",
        "folio": "160",
        "parcel_id": "29",
        "merge_id": "160f29",
        "geom_id": "35742"
      },
      "geometry": {
        "type": "Point",
        "coordinates": [
          6.628501559470833,
          46.53113231902425
        ]
      }
    },
    {
      "type": "Feature",
      "properties": {
        "id": "6943",
        "num": "30.0",
        "folio": "27",
        "parcel_id": "30",
        "merge_id": "27f30",
        "geom_id": "14434"
      },
      "geometry": {
        "type": "Point",
        "coordinates": [
          6.630229291875807,
          46.52677133225846
        ]
      }
    },
    {
      "type": "Feature",
      "properties": {
        "id": "6944",
        "num": "30.0",
        "folio": "28",
        "parcel_id": "30",
        "merge_id": "28f30",
        "geom_id": "14638"
      },
      "geometry": {
        "type": "Point",
        "coordinates": [
          6.631202625159722,
          46.52552582588955
        ]
      }
    },
    {
      "type": "Feature",
      "properties": {
        "id": "6984",
        "num": "30.0",
        "folio": "127",
        "parcel_id": "30",
        "merge_id": "127f30",
        "geom_id": "29463"
      },
      "geometry": {
        "type": "Point",
        "coordinates": [
          6.610045659380694,
          46.52693604335262
        ]
      }
    },
    {
      "type": "Feature",
      "properties": {
        "id": "7000",
        "num": "30.0",
        "folio": "156",
        "parcel_id": "30",
        "merge_id": "156f30",
        "geom_id": "34813"
      },
      "geometry": {
        "type": "Point",
        "coordinates": [
          6.627900669872322,
          46.52746755512111
        ]
      }
    },
    {
      "type": "Feature",
      "properties": {
        "id": "7001",
        "num": "30.0",
        "folio": "157",
        "parcel_id": "30",
        "merge_id": "157f30",
        "geom_id": "35107"
      },
      "geometry": {
        "type": "Point",
        "coordinates": [
          6.628961661659748,
          46.52772078760198
        ]
      }
    },
    {
      "type": "Feature",
      "properties": {
        "id": "7002",
        "num": "30.0",
        "folio": "158",
        "parcel_id": "30",
        "merge_id": "158f30",
        "geom_id": "35371"
      },
      "geometry": {
        "type": "Point",
        "coordinates": [
          6.630239442120168,
          46.52933568417083
        ]
      }
    },
    {
      "type": "Feature",
      "properties": {
        "id": "7004",
        "num": "30.0",
        "folio": "160",
        "parcel_id": "30",
        "merge_id": "160f30",
        "geom_id": "35743"
      },
      "geometry": {
        "type": "Point",
        "coordinates": [
          6.62860946002311,
          46.53113338376346
        ]
      }
    },
    {
      "type": "Feature",
      "properties": {
        "id": "7103",
        "num": "31.0",
        "folio": "27",
        "parcel_id": "31",
        "merge_id": "27f31",
        "geom_id": "14433"
      },
      "geometry": {
        "type": "Point",
        "coordinates": [
          6.630037719792415,
          46.5265866923941
        ]
      }
    },
    {
      "type": "Feature",
      "properties": {
        "id": "7104",
        "num": "31.0",
        "folio": "28",
        "parcel_id": "31",
        "merge_id": "28f31",
        "geom_id": "14898"
      },
      "geometry": {
        "type": "Point",
        "coordinates": [
          6.6312057570023,
          46.52545396139642
        ]
      }
    },
    {
      "type": "Feature",
      "properties": {
        "id": "7142",
        "num": "31.0",
        "folio": "127",
        "parcel_id": "31",
        "merge_id": "127f31",
        "geom_id": "29460"
      },
      "geometry": {
        "type": "Point",
        "coordinates": [
          6.609971949586932,
          46.526873082715014
        ]
      }
    },
    {
      "type": "Feature",
      "properties": {
        "id": "7158",
        "num": "31.0",
        "folio": "156",
        "parcel_id": "31",
        "merge_id": "156f31",
        "geom_id": "34828"
      },
      "geometry": {
        "type": "Point",
        "coordinates": [
          6.627992427600363,
          46.52739458729052
        ]
      }
    },
    {
      "type": "Feature",
      "properties": {
        "id": "7159",
        "num": "31.0",
        "folio": "157",
        "parcel_id": "31",
        "merge_id": "157f31",
        "geom_id": "35047"
      },
      "geometry": {
        "type": "Point",
        "coordinates": [
          6.629192061050031,
          46.52794742393179
        ]
      }
    },
    {
      "type": "Feature",
      "properties": {
        "id": "7160",
        "num": "31.0",
        "folio": "158",
        "parcel_id": "31",
        "merge_id": "158f31",
        "geom_id": "35386"
      },
      "geometry": {
        "type": "Point",
        "coordinates": [
          6.630141986261074,
          46.52923949009265
        ]
      }
    },
    {
      "type": "Feature",
      "properties": {
        "id": "7162",
        "num": "31.0",
        "folio": "160",
        "parcel_id": "31",
        "merge_id": "160f31",
        "geom_id": "35722"
      },
      "geometry": {
        "type": "Point",
        "coordinates": [
          6.628652742954086,
          46.531319154514506
        ]
      }
    },
    {
      "type": "Feature",
      "properties": {
        "id": "7259",
        "num": "32.0",
        "folio": "27",
        "parcel_id": "32",
        "merge_id": "27f32",
        "geom_id": "14438"
      },
      "geometry": {
        "type": "Point",
        "coordinates": [
          6.630483287890834,
          46.52678672839066
        ]
      }
    },
    {
      "type": "Feature",
      "properties": {
        "id": "7260",
        "num": "32.0",
        "folio": "28",
        "parcel_id": "32",
        "merge_id": "28f32",
        "geom_id": "14904"
      },
      "geometry": {
        "type": "Point",
        "coordinates": [
          6.631292179004357,
          46.5254281516365
        ]
      }
    },
    {
      "type": "Feature",
      "properties": {
        "id": "7296",
        "num": "32.0",
        "folio": "127",
        "parcel_id": "32",
        "merge_id": "127f32",
        "geom_id": "29470"
      },
      "geometry": {
        "type": "Point",
        "coordinates": [
          6.60988687964606,
          46.526901668129206
        ]
      }
    },
    {
      "type": "Feature",
      "properties": {
        "id": "7312",
        "num": "32.0",
        "folio": "156",
        "parcel_id": "32",
        "merge_id": "156f32",
        "geom_id": "34820"
      },
      "geometry": {
        "type": "Point",
        "coordinates": [
          6.627927409439183,
          46.527402951199996
        ]
      }
    },
    {
      "type": "Feature",
      "properties": {
        "id": "7313",
        "num": "32.0",
        "folio": "157",
        "parcel_id": "32",
        "merge_id": "157f32",
        "geom_id": "35032"
      },
      "geometry": {
        "type": "Point",
        "coordinates": [
          6.629237489680381,
          46.527991886650334
        ]
      }
    },
    {
      "type": "Feature",
      "properties": {
        "id": "7314",
        "num": "32.0",
        "folio": "158",
        "parcel_id": "32",
        "merge_id": "158f32",
        "geom_id": "35389"
      },
      "geometry": {
        "type": "Point",
        "coordinates": [
          6.630108727079798,
          46.52921286879618
        ]
      }
    },
    {
      "type": "Feature",
      "properties": {
        "id": "7316",
        "num": "32.0",
        "folio": "160",
        "parcel_id": "32",
        "merge_id": "160f32",
        "geom_id": "35721"
      },
      "geometry": {
        "type": "Point",
        "coordinates": [
          6.628793396422206,
          46.53132634055693
        ]
      }
    },
    {
      "type": "Feature",
      "properties": {
        "id": "7320",
        "num": "32.0",
        "folio": "176",
        "parcel_id": "32",
        "merge_id": "176f32",
        "geom_id": "37530"
      },
      "geometry": {
        "type": "Point",
        "coordinates": [
          6.629903928807146,
          46.531880283375855
        ]
      }
    },
    {
      "type": "Feature",
      "properties": {
        "id": "7411",
        "num": "33.0",
        "folio": "27",
        "parcel_id": "33",
        "merge_id": "27f33",
        "geom_id": "14525"
      },
      "geometry": {
        "type": "Point",
        "coordinates": [
          6.62984849407151,
          46.52621734884375
        ]
      }
    },
    {
      "type": "Feature",
      "properties": {
        "id": "7412",
        "num": "33.0",
        "folio": "28",
        "parcel_id": "33",
        "merge_id": "28f33",
        "geom_id": "14909"
      },
      "geometry": {
        "type": "Point",
        "coordinates": [
          6.631358262120476,
          46.52541356258917
        ]
      }
    },
    {
      "type": "Feature",
      "properties": {
        "id": "7447",
        "num": "33.0",
        "folio": "127",
        "parcel_id": "33",
        "merge_id": "127f33",
        "geom_id": "29459"
      },
      "geometry": {
        "type": "Point",
        "coordinates": [
          6.609832931651755,
          46.52695682418741
        ]
      }
    },
    {
      "type": "Feature",
      "properties": {
        "id": "7463",
        "num": "33.0",
        "folio": "156",
        "parcel_id": "33",
        "merge_id": "156f33",
        "geom_id": "34834"
      },
      "geometry": {
        "type": "Point",
        "coordinates": [
          6.627560974653004,
          46.527043324518296
        ]
      }
    },
    {
      "type": "Feature",
      "properties": {
        "id": "7464",
        "num": "33.0",
        "folio": "157",
        "parcel_id": "33",
        "merge_id": "157f33",
        "geom_id": "34982"
      },
      "geometry": {
        "type": "Point",
        "coordinates": [
          6.629323480362922,
          46.528073038727314
        ]
      }
    },
    {
      "type": "Feature",
      "properties": {
        "id": "7465",
        "num": "33.0",
        "folio": "158",
        "parcel_id": "33",
        "merge_id": "158f33",
        "geom_id": "35363"
      },
      "geometry": {
        "type": "Point",
        "coordinates": [
          6.630048786822378,
          46.52938652062553
        ]
      }
    },
    {
      "type": "Feature",
      "properties": {
        "id": "7467",
        "num": "33.0",
        "folio": "160",
        "parcel_id": "33",
        "merge_id": "160f33",
        "geom_id": "35718"
      },
      "geometry": {
        "type": "Point",
        "coordinates": [
          6.628698217214998,
          46.53138718738997
        ]
      }
    },
    {
      "type": "Feature",
      "properties": {
        "id": "7560",
        "num": "34.0",
        "folio": "27",
        "parcel_id": "34",
        "merge_id": "27f34",
        "geom_id": "14560"
      },
      "geometry": {
        "type": "Point",
        "coordinates": [
          6.629988624318575,
          46.52603304948266
        ]
      }
    },
    {
      "type": "Feature",
      "properties": {
        "id": "7561",
        "num": "34.0",
        "folio": "28",
        "parcel_id": "34",
        "merge_id": "28f34",
        "geom_id": "14877"
      },
      "geometry": {
        "type": "Point",
        "coordinates": [
          6.631264588030452,
          46.525511491709516
        ]
      }
    },
    {
      "type": "Feature",
      "properties": {
        "id": "7594",
        "num": "34.0",
        "folio": "127",
        "parcel_id": "34",
        "merge_id": "127f34",
        "geom_id": "29457"
      },
      "geometry": {
        "type": "Point",
        "coordinates": [
          6.609832751776842,
          46.526914444423944
        ]
      }
    },
    {
      "type": "Feature",
      "properties": {
        "id": "7610",
        "num": "34.0",
        "folio": "157",
        "parcel_id": "34",
        "merge_id": "157f34",
        "geom_id": "35087"
      },
      "geometry": {
        "type": "Point",
        "coordinates": [
          6.629205602542023,
          46.52779188889154
        ]
      }
    },
    {
      "type": "Feature",
      "properties": {
        "id": "7611",
        "num": "34.0",
        "folio": "158",
        "parcel_id": "34",
        "merge_id": "158f34",
        "geom_id": "35405"
      },
      "geometry": {
        "type": "Point",
        "coordinates": [
          6.630087583965143,
          46.52905061440178
        ]
      }
    },
    {
      "type": "Feature",
      "properties": {
        "id": "7612",
        "num": "34.0",
        "folio": "159",
        "parcel_id": "34",
        "merge_id": "159f34",
        "geom_id": "35559"
      },
      "geometry": {
        "type": "Point",
        "coordinates": [
          6.630127604947283,
          46.53107780670877
        ]
      }
    },
    {
      "type": "Feature",
      "properties": {
        "id": "7613",
        "num": "34.0",
        "folio": "160",
        "parcel_id": "34",
        "merge_id": "160f34",
        "geom_id": "35719"
      },
      "geometry": {
        "type": "Point",
        "coordinates": [
          6.628709716561095,
          46.531359891785876
        ]
      }
    },
    {
      "type": "Feature",
      "properties": {
        "id": "7675",
        "num": "34.1",
        "folio": "156",
        "parcel_id": "34-1",
        "merge_id": "156f34-1",
        "geom_id": "34831"
      },
      "geometry": {
        "type": "Point",
        "coordinates": [
          6.628075150697966,
          46.52730030004778
        ]
      }
    },
    {
      "type": "Feature",
      "properties": {
        "id": "7677",
        "num": "34.2",
        "folio": "156",
        "parcel_id": "34-2",
        "merge_id": "156f34-2",
        "geom_id": "34830"
      },
      "geometry": {
        "type": "Point",
        "coordinates": [
          6.628012914081507,
          46.527390449877615
        ]
      }
    },
    {
      "type": "Feature",
      "properties": {
        "id": "7709",
        "num": "35.0",
        "folio": "27",
        "parcel_id": "35",
        "merge_id": "27f35",
        "geom_id": "14521"
      },
      "geometry": {
        "type": "Point",
        "coordinates": [
          6.62979709093624,
          46.52612592319636
        ]
      }
    },
    {
      "type": "Feature",
      "properties": {
        "id": "7710",
        "num": "35.0",
        "folio": "28",
        "parcel_id": "35",
        "merge_id": "28f35",
        "geom_id": "14912"
      },
      "geometry": {
        "type": "Point",
        "coordinates": [
          6.631213845175091,
          46.525380995626755
        ]
      }
    },
    {
      "type": "Feature",
      "properties": {
        "id": "7756",
        "num": "35.0",
        "folio": "156",
        "parcel_id": "35",
        "merge_id": "156f35",
        "geom_id": "34827"
      },
      "geometry": {
        "type": "Point",
        "coordinates": [
          6.628087586431269,
          46.52737994147832
        ]
      }
    },
    {
      "type": "Feature",
      "properties": {
        "id": "7757",
        "num": "35.0",
        "folio": "157",
        "parcel_id": "35",
        "merge_id": "157f35",
        "geom_id": "35093"
      },
      "geometry": {
        "type": "Point",
        "coordinates": [
          6.629473795150058,
          46.5278241830501
        ]
      }
    },
    {
      "type": "Feature",
      "properties": {
        "id": "7758",
        "num": "35.0",
        "folio": "158",
        "parcel_id": "35",
        "merge_id": "158f35",
        "geom_id": "35402"
      },
      "geometry": {
        "type": "Point",
        "coordinates": [
          6.630086091716885,
          46.52894829097827
        ]
      }
    },
    {
      "type": "Feature",
      "properties": {
        "id": "7759",
        "num": "35.0",
        "folio": "159",
        "parcel_id": "35",
        "merge_id": "159f35",
        "geom_id": "35567"
      },
      "geometry": {
        "type": "Point",
        "coordinates": [
          6.630233455725496,
          46.530972593272104
        ]
      }
    },
    {
      "type": "Feature",
      "properties": {
        "id": "7760",
        "num": "35.0",
        "folio": "160",
        "parcel_id": "35",
        "merge_id": "160f35",
        "geom_id": "35723"
      },
      "geometry": {
        "type": "Point",
        "coordinates": [
          6.628738952300012,
          46.531259126845775
        ]
      }
    },
    {
      "type": "Feature",
      "properties": {
        "id": "7762",
        "num": "35.0",
        "folio": "176",
        "parcel_id": "35",
        "merge_id": "176f35",
        "geom_id": "37562"
      },
      "geometry": {
        "type": "Point",
        "coordinates": [
          6.630289437746312,
          46.531510023680106
        ]
      }
    },
    {
      "type": "Feature",
      "properties": {
        "id": "7847",
        "num": "36.0",
        "folio": "27",
        "parcel_id": "36",
        "merge_id": "27f36",
        "geom_id": "14528"
      },
      "geometry": {
        "type": "Point",
        "coordinates": [
          6.630209224369469,
          46.52618089446549
        ]
      }
    },
    {
      "type": "Feature",
      "properties": {
        "id": "7848",
        "num": "36.0",
        "folio": "28",
        "parcel_id": "36",
        "merge_id": "28f36",
        "geom_id": "14920"
      },
      "geometry": {
        "type": "Point",
        "coordinates": [
          6.631283526682116,
          46.52537353566923
        ]
      }
    },
    {
      "type": "Feature",
      "properties": {
        "id": "7895",
        "num": "36.0",
        "folio": "156",
        "parcel_id": "36",
        "merge_id": "156f36",
        "geom_id": "34851"
      },
      "geometry": {
        "type": "Point",
        "coordinates": [
          6.628108547580862,
          46.527184529537614
        ]
      }
    },
    {
      "type": "Feature",
      "properties": {
        "id": "7896",
        "num": "36.0",
        "folio": "157",
        "parcel_id": "36",
        "merge_id": "157f36",
        "geom_id": "35069"
      },
      "geometry": {
        "type": "Point",
        "coordinates": [
          6.629316394526634,
          46.527880669887764
        ]
      }
    },
    {
      "type": "Feature",
      "properties": {
        "id": "7897",
        "num": "36.0",
        "folio": "158",
        "parcel_id": "36",
        "merge_id": "158f36",
        "geom_id": "35448"
      },
      "geometry": {
        "type": "Point",
        "coordinates": [
          6.62994012619254,
          46.52878951849006
        ]
      }
    },
    {
      "type": "Feature",
      "properties": {
        "id": "7898",
        "num": "36.0",
        "folio": "159",
        "parcel_id": "36",
        "merge_id": "159f36",
        "geom_id": "35607"
      },
      "geometry": {
        "type": "Point",
        "coordinates": [
          6.629848290497486,
          46.53075847978589
        ]
      }
    },
    {
      "type": "Feature",
      "properties": {
        "id": "7899",
        "num": "36.0",
        "folio": "160",
        "parcel_id": "36",
        "merge_id": "160f36",
        "geom_id": "35736"
      },
      "geometry": {
        "type": "Point",
        "coordinates": [
          6.628511483669778,
          46.53121010719357
        ]
      }
    },
    {
      "type": "Feature",
      "properties": {
        "id": "7901",
        "num": "36.0",
        "folio": "176",
        "parcel_id": "36",
        "merge_id": "176f36",
        "geom_id": "37565"
      },
      "geometry": {
        "type": "Point",
        "coordinates": [
          6.630231716436813,
          46.53148191952137
        ]
      }
    },
    {
      "type": "Feature",
      "properties": {
        "id": "7981",
        "num": "37.0",
        "folio": "27",
        "parcel_id": "37",
        "merge_id": "27f37",
        "geom_id": "14514"
      },
      "geometry": {
        "type": "Point",
        "coordinates": [
          6.629798645590905,
          46.526413854780266
        ]
      }
    },
    {
      "type": "Feature",
      "properties": {
        "id": "7982",
        "num": "37.0",
        "folio": "28",
        "parcel_id": "37",
        "merge_id": "28f37",
        "geom_id": "14932"
      },
      "geometry": {
        "type": "Point",
        "coordinates": [
          6.631302940430636,
          46.52534156628558
        ]
      }
    },
    {
      "type": "Feature",
      "properties": {
        "id": "8027",
        "num": "37.0",
        "folio": "157",
        "parcel_id": "37",
        "merge_id": "157f37",
        "geom_id": "35111"
      },
      "geometry": {
        "type": "Point",
        "coordinates": [
          6.629073794722123,
          46.527664551492165
        ]
      }
    },
    {
      "type": "Feature",
      "properties": {
        "id": "8028",
        "num": "37.0",
        "folio": "158",
        "parcel_id": "37",
        "merge_id": "158f37",
        "geom_id": "35417"
      },
      "geometry": {
        "type": "Point",
        "coordinates": [
          6.630188606199407,
          46.529011827573335
        ]
      }
    },
    {
      "type": "Feature",
      "properties": {
        "id": "8029",
        "num": "37.0",
        "folio": "159",
        "parcel_id": "37",
        "merge_id": "159f37",
        "geom_id": "35598"
      },
      "geometry": {
        "type": "Point",
        "coordinates": [
          6.630362343337471,
          46.53069952563125
        ]
      }
    },
    {
      "type": "Feature",
      "properties": {
        "id": "8030",
        "num": "37.0",
        "folio": "160",
        "parcel_id": "37",
        "merge_id": "160f37",
        "geom_id": "35728"
      },
      "geometry": {
        "type": "Point",
        "coordinates": [
          6.628585667171293,
          46.53124095835647
        ]
      }
    },
    {
      "type": "Feature",
      "properties": {
        "id": "8032",
        "num": "37.0",
        "folio": "176",
        "parcel_id": "37",
        "merge_id": "176f37",
        "geom_id": "37568"
      },
      "geometry": {
        "type": "Point",
        "coordinates": [
          6.630271307756169,
          46.53140816539788
        ]
      }
    },
    {
      "type": "Feature",
      "properties": {
        "id": "8080",
        "num": "37.1",
        "folio": "156",
        "parcel_id": "37-1",
        "merge_id": "156f37-1",
        "geom_id": "34839"
      },
      "geometry": {
        "type": "Point",
        "coordinates": [
          6.627832808006596,
          46.52695976783489
        ]
      }
    },
    {
      "type": "Feature",
      "properties": {
        "id": "8082",
        "num": "37.2",
        "folio": "156",
        "parcel_id": "37-2",
        "merge_id": "156f37-2",
        "geom_id": "34837"
      },
      "geometry": {
        "type": "Point",
        "coordinates": [
          6.627766104568809,
          46.52697174792016
        ]
      }
    },
    {
      "type": "Feature",
      "properties": {
        "id": "8113",
        "num": "38.0",
        "folio": "27",
        "parcel_id": "38",
        "merge_id": "27f38",
        "geom_id": "14509"
      },
      "geometry": {
        "type": "Point",
        "coordinates": [
          6.629749725760817,
          46.52643634307938
        ]
      }
    },
    {
      "type": "Feature",
      "properties": {
        "id": "8114",
        "num": "38.0",
        "folio": "28",
        "parcel_id": "38",
        "merge_id": "28f38",
        "geom_id": "14923"
      },
      "geometry": {
        "type": "Point",
        "coordinates": [
          6.631315203943638,
          46.52537489763779
        ]
      }
    },
    {
      "type": "Feature",
      "properties": {
        "id": "8115",
        "num": "38.0",
        "folio": "29",
        "parcel_id": "38",
        "merge_id": "29f38",
        "geom_id": "15333"
      },
      "geometry": {
        "type": "Point",
        "coordinates": [
          6.633353077515287,
          46.526457090403106
        ]
      }
    },
    {
      "type": "Feature",
      "properties": {
        "id": "8157",
        "num": "38.0",
        "folio": "156",
        "parcel_id": "38",
        "merge_id": "156f38",
        "geom_id": "34845"
      },
      "geometry": {
        "type": "Point",
        "coordinates": [
          6.628212010443629,
          46.52727503890899
        ]
      }
    },
    {
      "type": "Feature",
      "properties": {
        "id": "8158",
        "num": "38.0",
        "folio": "157",
        "parcel_id": "38",
        "merge_id": "157f38",
        "geom_id": "35051"
      },
      "geometry": {
        "type": "Point",
        "coordinates": [
          6.629363060284232,
          46.52792571460959
        ]
      }
    },
    {
      "type": "Feature",
      "properties": {
        "id": "8159",
        "num": "38.0",
        "folio": "158",
        "parcel_id": "38",
        "merge_id": "158f38",
        "geom_id": "35412"
      },
      "geometry": {
        "type": "Point",
        "coordinates": [
          6.630225540260901,
          46.52904277681815
        ]
      }
    },
    {
      "type": "Feature",
      "properties": {
        "id": "8160",
        "num": "38.0",
        "folio": "159",
        "parcel_id": "38",
        "merge_id": "159f38",
        "geom_id": "35611"
      },
      "geometry": {
        "type": "Point",
        "coordinates": [
          6.630277674430511,
          46.53034928588285
        ]
      }
    },
    {
      "type": "Feature",
      "properties": {
        "id": "8161",
        "num": "38.0",
        "folio": "160",
        "parcel_id": "38",
        "merge_id": "160f38",
        "geom_id": "35746"
      },
      "geometry": {
        "type": "Point",
        "coordinates": [
          6.628757951555137,
          46.53107291754751
        ]
      }
    },
    {
      "type": "Feature",
      "properties": {
        "id": "8163",
        "num": "38.0",
        "folio": "176",
        "parcel_id": "38",
        "merge_id": "176f38",
        "geom_id": "37557"
      },
      "geometry": {
        "type": "Point",
        "coordinates": [
          6.630194268669311,
          46.531576599890144
        ]
      }
    },
    {
      "type": "Feature",
      "properties": {
        "id": "8236",
        "num": "39.0",
        "folio": "27",
        "parcel_id": "39",
        "merge_id": "27f39",
        "geom_id": "14502"
      },
      "geometry": {
        "type": "Point",
        "coordinates": [
          6.62973245558288,
          46.5264709091654
        ]
      }
    },
    {
      "type": "Feature",
      "properties": {
        "id": "8237",
        "num": "39.0",
        "folio": "28",
        "parcel_id": "39",
        "merge_id": "28f39",
        "geom_id": "14919"
      },
      "geometry": {
        "type": "Point",
        "coordinates": [
          6.631362386720761,
          46.52535790099293
        ]
      }
    },
    {
      "type": "Feature",
      "properties": {
        "id": "8238",
        "num": "39.0",
        "folio": "29",
        "parcel_id": "39",
        "merge_id": "29f39",
        "geom_id": "15369"
      },
      "geometry": {
        "type": "Point",
        "coordinates": [
          6.632738732724907,
          46.526260156248796
        ]
      }
    },
    {
      "type": "Feature",
      "properties": {
        "id": "8278",
        "num": "39.0",
        "folio": "156",
        "parcel_id": "39",
        "merge_id": "156f39",
        "geom_id": "34848"
      },
      "geometry": {
        "type": "Point",
        "coordinates": [
          6.628402131142566,
          46.5272018576268
        ]
      }
    },
    {
      "type": "Feature",
      "properties": {
        "id": "8279",
        "num": "39.0",
        "folio": "157",
        "parcel_id": "39",
        "merge_id": "157f39",
        "geom_id": "35000"
      },
      "geometry": {
        "type": "Point",
        "coordinates": [
          6.629454064389913,
          46.52800639445685
        ]
      }
    },
    {
      "type": "Feature",
      "properties": {
        "id": "8280",
        "num": "39.0",
        "folio": "158",
        "parcel_id": "39",
        "merge_id": "158f39",
        "geom_id": "35398"
      },
      "geometry": {
        "type": "Point",
        "coordinates": [
          6.630327001119532,
          46.52912121863991
        ]
      }
    },
    {
      "type": "Feature",
      "properties": {
        "id": "8281",
        "num": "39.0",
        "folio": "159",
        "parcel_id": "39",
        "merge_id": "159f39",
        "geom_id": "35564"
      },
      "geometry": {
        "type": "Point",
        "coordinates": [
          6.629770218347563,
          46.53098260866979
        ]
      }
    },
    {
      "type": "Feature",
      "properties": {
        "id": "8282",
        "num": "39.0",
        "folio": "160",
        "parcel_id": "39",
        "merge_id": "160f39",
        "geom_id": "35749"
      },
      "geometry": {
        "type": "Point",
        "coordinates": [
          6.628886113662182,
          46.53105970184086
        ]
      }
    },
    {
      "type": "Feature",
      "properties": {
        "id": "8358",
        "num": "40.0",
        "folio": "27",
        "parcel_id": "40",
        "merge_id": "27f40",
        "geom_id": "14497"
      },
      "geometry": {
        "type": "Point",
        "coordinates": [
          6.629565760661887,
          46.526471165933465
        ]
      }
    },
    {
      "type": "Feature",
      "properties": {
        "id": "8359",
        "num": "40.0",
        "folio": "28",
        "parcel_id": "40",
        "merge_id": "28f40",
        "geom_id": "14928"
      },
      "geometry": {
        "type": "Point",
        "coordinates": [
          6.631468145892816,
          46.5253603583034
        ]
      }
    },
    {
      "type": "Feature",
      "properties": {
        "id": "8360",
        "num": "40.0",
        "folio": "29",
        "parcel_id": "40",
        "merge_id": "29f40",
        "geom_id": "15377"
      },
      "geometry": {
        "type": "Point",
        "coordinates": [
          6.632586277818728,
          46.52601139719625
        ]
      }
    },
    {
      "type": "Feature",
      "properties": {
        "id": "8396",
        "num": "40.0",
        "folio": "156",
        "parcel_id": "40",
        "merge_id": "156f40",
        "geom_id": "34858"
      },
      "geometry": {
        "type": "Point",
        "coordinates": [
          6.628457551318579,
          46.52702731517877
        ]
      }
    },
    {
      "type": "Feature",
      "properties": {
        "id": "8397",
        "num": "40.0",
        "folio": "157",
        "parcel_id": "40",
        "merge_id": "157f40",
        "geom_id": "34895"
      },
      "geometry": {
        "type": "Point",
        "coordinates": [
          6.629127746960763,
          46.528831170655224
        ]
      }
    },
    {
      "type": "Feature",
      "properties": {
        "id": "8398",
        "num": "40.0",
        "folio": "158",
        "parcel_id": "40",
        "merge_id": "158f40",
        "geom_id": "35377"
      },
      "geometry": {
        "type": "Point",
        "coordinates": [
          6.630226694336147,
          46.52916008043387
        ]
      }
    },
    {
      "type": "Feature",
      "properties": {
        "id": "8399",
        "num": "40.0",
        "folio": "160",
        "parcel_id": "40",
        "merge_id": "160f40",
        "geom_id": "35731"
      },
      "geometry": {
        "type": "Point",
        "coordinates": [
          6.62885718572555,
          46.53116841737482
        ]
      }
    },
    {
      "type": "Feature",
      "properties": {
        "id": "8472",
        "num": "41.0",
        "folio": "27",
        "parcel_id": "41",
        "merge_id": "27f41",
        "geom_id": "14515"
      },
      "geometry": {
        "type": "Point",
        "coordinates": [
          6.629527581568054,
          46.52625177343635
        ]
      }
    },
    {
      "type": "Feature",
      "properties": {
        "id": "8473",
        "num": "41.0",
        "folio": "28",
        "parcel_id": "41",
        "merge_id": "28f41",
        "geom_id": "14956"
      },
      "geometry": {
        "type": "Point",
        "coordinates": [
          6.631178646303211,
          46.5252295839754
        ]
      }
    },
    {
      "type": "Feature",
      "properties": {
        "id": "8474",
        "num": "41.0",
        "folio": "29",
        "parcel_id": "41",
        "merge_id": "29f41",
        "geom_id": "15406"
      },
      "geometry": {
        "type": "Point",
        "coordinates": [
          6.633451617065572,
          46.525264729461966
        ]
      }
    },
    {
      "type": "Feature",
      "properties": {
        "id": "8508",
        "num": "41.0",
        "folio": "156",
        "parcel_id": "41",
        "merge_id": "156f41",
        "geom_id": "34841"
      },
      "geometry": {
        "type": "Point",
        "coordinates": [
          6.628007179641809,
          46.52689532425573
        ]
      }
    },
    {
      "type": "Feature",
      "properties": {
        "id": "8509",
        "num": "41.0",
        "folio": "157",
        "parcel_id": "41",
        "merge_id": "157f41",
        "geom_id": "34896"
      },
      "geometry": {
        "type": "Point",
        "coordinates": [
          6.628988565069487,
          46.52861378362973
        ]
      }
    },
    {
      "type": "Feature",
      "properties": {
        "id": "8510",
        "num": "41.0",
        "folio": "158",
        "parcel_id": "41",
        "merge_id": "158f41",
        "geom_id": "35428"
      },
      "geometry": {
        "type": "Point",
        "coordinates": [
          6.630296927965402,
          46.52890935646928
        ]
      }
    },
    {
      "type": "Feature",
      "properties": {
        "id": "8511",
        "num": "41.0",
        "folio": "160",
        "parcel_id": "41",
        "merge_id": "160f41",
        "geom_id": "35750"
      },
      "geometry": {
        "type": "Point",
        "coordinates": [
          6.627806600393688,
          46.53023007312078
        ]
      }
    },
    {
      "type": "Feature",
      "properties": {
        "id": "8580",
        "num": "42.0",
        "folio": "27",
        "parcel_id": "42",
        "merge_id": "27f42",
        "geom_id": "14593"
      },
      "geometry": {
        "type": "Point",
        "coordinates": [
          6.630245288474506,
          46.52586981573098
        ]
      }
    },
    {
      "type": "Feature",
      "properties": {
        "id": "8581",
        "num": "42.0",
        "folio": "28",
        "parcel_id": "42",
        "merge_id": "28f42",
        "geom_id": "14945"
      },
      "geometry": {
        "type": "Point",
        "coordinates": [
          6.631163717727236,
          46.525291987971386
        ]
      }
    },
    {
      "type": "Feature",
      "properties": {
        "id": "8582",
        "num": "42.0",
        "folio": "29",
        "parcel_id": "42",
        "merge_id": "29f42",
        "geom_id": "15407"
      },
      "geometry": {
        "type": "Point",
        "coordinates": [
          6.63352469698014,
          46.52530366868622
        ]
      }
    },
    {
      "type": "Feature",
      "properties": {
        "id": "8615",
        "num": "42.0",
        "folio": "157",
        "parcel_id": "42",
        "merge_id": "157f42",
        "geom_id": "34904"
      },
      "geometry": {
        "type": "Point",
        "coordinates": [
          6.62952239531277,
          46.528905066070585
        ]
      }
    },
    {
      "type": "Feature",
      "properties": {
        "id": "8616",
        "num": "42.0",
        "folio": "158",
        "parcel_id": "42",
        "merge_id": "158f42",
        "geom_id": "35420"
      },
      "geometry": {
        "type": "Point",
        "coordinates": [
          6.630239813473816,
          46.52897749135195
        ]
      }
    },
    {
      "type": "Feature",
      "properties": {
        "id": "8617",
        "num": "42.0",
        "folio": "160",
        "parcel_id": "42",
        "merge_id": "160f42",
        "geom_id": "35830"
      },
      "geometry": {
        "type": "Point",
        "coordinates": [
          6.627556272827933,
          46.52999925334985
        ]
      }
    },
    {
      "type": "Feature",
      "properties": {
        "id": "8618",
        "num": "42.0",
        "folio": "176",
        "parcel_id": "42",
        "merge_id": "176f42",
        "geom_id": "37509"
      },
      "geometry": {
        "type": "Point",
        "coordinates": [
          6.62969484994283,
          46.53167872568813
        ]
      }
    },
    {
      "type": "Feature",
      "properties": {
        "id": "8681",
        "num": "43.0",
        "folio": "27",
        "parcel_id": "43",
        "merge_id": "27f43",
        "geom_id": "14504"
      },
      "geometry": {
        "type": "Point",
        "coordinates": [
          6.630322286109686,
          46.52635023180854
        ]
      }
    },
    {
      "type": "Feature",
      "properties": {
        "id": "8682",
        "num": "43.0",
        "folio": "28",
        "parcel_id": "43",
        "merge_id": "28f43",
        "geom_id": "14935"
      },
      "geometry": {
        "type": "Point",
        "coordinates": [
          6.63121841973111,
          46.525322779999755
        ]
      }
    },
    {
      "type": "Feature",
      "properties": {
        "id": "8683",
        "num": "43.0",
        "folio": "29",
        "parcel_id": "43",
        "merge_id": "29f43",
        "geom_id": "15396"
      },
      "geometry": {
        "type": "Point",
        "coordinates": [
          6.633702377627047,
          46.525400836488735
        ]
      }
    },
    {
      "type": "Feature",
      "properties": {
        "id": "8716",
        "num": "43.0",
        "folio": "156",
        "parcel_id": "43",
        "merge_id": "156f43",
        "geom_id": "34741"
      },
      "geometry": {
        "type": "Point",
        "coordinates": [
          6.627853738963783,
          46.52769761919376
        ]
      }
    },
    {
      "type": "Feature",
      "properties": {
        "id": "8717",
        "num": "43.0",
        "folio": "157",
        "parcel_id": "43",
        "merge_id": "157f43",
        "geom_id": "34912"
      },
      "geometry": {
        "type": "Point",
        "coordinates": [
          6.629748778460634,
          46.528540387015134
        ]
      }
    },
    {
      "type": "Feature",
      "properties": {
        "id": "8718",
        "num": "43.0",
        "folio": "158",
        "parcel_id": "43",
        "merge_id": "158f43",
        "geom_id": "35400"
      },
      "geometry": {
        "type": "Point",
        "coordinates": [
          6.630350551474827,
          46.529074640329235
        ]
      }
    },
    {
      "type": "Feature",
      "properties": {
        "id": "8719",
        "num": "43.0",
        "folio": "160",
        "parcel_id": "43",
        "merge_id": "160f43",
        "geom_id": "35776"
      },
      "geometry": {
        "type": "Point",
        "coordinates": [
          6.627918402398582,
          46.52997093113663
        ]
      }
    },
    {
      "type": "Feature",
      "properties": {
        "id": "8720",
        "num": "43.0",
        "folio": "176",
        "parcel_id": "43",
        "merge_id": "176f43",
        "geom_id": "37554"
      },
      "geometry": {
        "type": "Point",
        "coordinates": [
          6.62865519247876,
          46.53154640802579
        ]
      }
    },
    {
      "type": "Feature",
      "properties": {
        "id": "8779",
        "num": "44.0",
        "folio": "27",
        "parcel_id": "44",
        "merge_id": "27f44",
        "geom_id": "14447"
      },
      "geometry": {
        "type": "Point",
        "coordinates": [
          6.630508771630644,
          46.526594962932606
        ]
      }
    },
    {
      "type": "Feature",
      "properties": {
        "id": "8780",
        "num": "44.0",
        "folio": "28",
        "parcel_id": "44",
        "merge_id": "28f44",
        "geom_id": "14946"
      },
      "geometry": {
        "type": "Point",
        "coordinates": [
          6.631230857301977,
          46.52528934029237
        ]
      }
    },
    {
      "type": "Feature",
      "properties": {
        "id": "8781",
        "num": "44.0",
        "folio": "29",
        "parcel_id": "44",
        "merge_id": "29f44",
        "geom_id": "2388"
      },
      "geometry": {
        "type": "Point",
        "coordinates": [
          6.633803809206334,
          46.5253065156985
        ]
      }
    },
    {
      "type": "Feature",
      "properties": {
        "id": "8814",
        "num": "44.0",
        "folio": "156",
        "parcel_id": "44",
        "merge_id": "156f44",
        "geom_id": "34751"
      },
      "geometry": {
        "type": "Point",
        "coordinates": [
          6.628079882529191,
          46.52758925241895
        ]
      }
    },
    {
      "type": "Feature",
      "properties": {
        "id": "8815",
        "num": "44.0",
        "folio": "157",
        "parcel_id": "44",
        "merge_id": "157f44",
        "geom_id": "34898"
      },
      "geometry": {
        "type": "Point",
        "coordinates": [
          6.629586981740732,
          46.528668496504686
        ]
      }
    },
    {
      "type": "Feature",
      "properties": {
        "id": "8816",
        "num": "44.0",
        "folio": "158",
        "parcel_id": "44",
        "merge_id": "158f44",
        "geom_id": "35407"
      },
      "geometry": {
        "type": "Point",
        "coordinates": [
          6.630299127401869,
          46.52902718493254
        ]
      }
    },
    {
      "type": "Feature",
      "properties": {
        "id": "8817",
        "num": "44.0",
        "folio": "160",
        "parcel_id": "44",
        "merge_id": "160f44",
        "geom_id": "35771"
      },
      "geometry": {
        "type": "Point",
        "coordinates": [
          6.628692647755829,
          46.53055194993681
        ]
      }
    },
    {
      "type": "Feature",
      "properties": {
        "id": "8818",
        "num": "44.0",
        "folio": "176",
        "parcel_id": "44",
        "merge_id": "176f44",
        "geom_id": "37547"
      },
      "geometry": {
        "type": "Point",
        "coordinates": [
          6.628721826800492,
          46.5315807933927
        ]
      }
    },
    {
      "type": "Feature",
      "properties": {
        "id": "8874",
        "num": "45.0",
        "folio": "27",
        "parcel_id": "45",
        "merge_id": "27f45",
        "geom_id": "14472"
      },
      "geometry": {
        "type": "Point",
        "coordinates": [
          6.630417861248613,
          46.526652708859814
        ]
      }
    },
    {
      "type": "Feature",
      "properties": {
        "id": "8875",
        "num": "45.0",
        "folio": "28",
        "parcel_id": "45",
        "merge_id": "28f45",
        "geom_id": "14939"
      },
      "geometry": {
        "type": "Point",
        "coordinates": [
          6.631336960052851,
          46.525268785035394
        ]
      }
    },
    {
      "type": "Feature",
      "properties": {
        "id": "8909",
        "num": "45.0",
        "folio": "156",
        "parcel_id": "45",
        "merge_id": "156f45",
        "geom_id": "34808"
      },
      "geometry": {
        "type": "Point",
        "coordinates": [
          6.628213529649595,
          46.52753681188979
        ]
      }
    },
    {
      "type": "Feature",
      "properties": {
        "id": "8910",
        "num": "45.0",
        "folio": "157",
        "parcel_id": "45",
        "merge_id": "157f45",
        "geom_id": "35133"
      },
      "geometry": {
        "type": "Point",
        "coordinates": [
          6.629694069450574,
          46.52761767171814
        ]
      }
    },
    {
      "type": "Feature",
      "properties": {
        "id": "8911",
        "num": "45.0",
        "folio": "158",
        "parcel_id": "45",
        "merge_id": "158f45",
        "geom_id": "35453"
      },
      "geometry": {
        "type": "Point",
        "coordinates": [
          6.630306349881325,
          46.528751691403556
        ]
      }
    },
    {
      "type": "Feature",
      "properties": {
        "id": "8912",
        "num": "45.0",
        "folio": "160",
        "parcel_id": "45",
        "merge_id": "160f45",
        "geom_id": "35768"
      },
      "geometry": {
        "type": "Point",
        "coordinates": [
          6.628891701961906,
          46.53077212880465
        ]
      }
    },
    {
      "type": "Feature",
      "properties": {
        "id": "8913",
        "num": "45.0",
        "folio": "176",
        "parcel_id": "45",
        "merge_id": "176f45",
        "geom_id": "37559"
      },
      "geometry": {
        "type": "Point",
        "coordinates": [
          6.628695940883442,
          46.53150487692353
        ]
      }
    },
    {
      "type": "Feature",
      "properties": {
        "id": "8967",
        "num": "46.0",
        "folio": "27",
        "parcel_id": "46",
        "merge_id": "27f46",
        "geom_id": "14440"
      },
      "geometry": {
        "type": "Point",
        "coordinates": [
          6.63049695722653,
          46.52674086255069
        ]
      }
    },
    {
      "type": "Feature",
      "properties": {
        "id": "8968",
        "num": "46.0",
        "folio": "28",
        "parcel_id": "46",
        "merge_id": "28f46",
        "geom_id": "14979"
      },
      "geometry": {
        "type": "Point",
        "coordinates": [
          6.631401184261874,
          46.52518570560533
        ]
      }
    },
    {
      "type": "Feature",
      "properties": {
        "id": "9000",
        "num": "46.0",
        "folio": "156",
        "parcel_id": "46",
        "merge_id": "156f46",
        "geom_id": "34756"
      },
      "geometry": {
        "type": "Point",
        "coordinates": [
          6.628140481764876,
          46.527501467099285
        ]
      }
    },
    {
      "type": "Feature",
      "properties": {
        "id": "9001",
        "num": "46.0",
        "folio": "157",
        "parcel_id": "46",
        "merge_id": "157f46",
        "geom_id": "35127"
      },
      "geometry": {
        "type": "Point",
        "coordinates": [
          6.629616474133499,
          46.52764148066926
        ]
      }
    },
    {
      "type": "Feature",
      "properties": {
        "id": "9002",
        "num": "46.0",
        "folio": "158",
        "parcel_id": "46",
        "merge_id": "158f46",
        "geom_id": "35426"
      },
      "geometry": {
        "type": "Point",
        "coordinates": [
          6.630116791735607,
          46.52886820972565
        ]
      }
    },
    {
      "type": "Feature",
      "properties": {
        "id": "9003",
        "num": "46.0",
        "folio": "160",
        "parcel_id": "46",
        "merge_id": "160f46",
        "geom_id": "35755"
      },
      "geometry": {
        "type": "Point",
        "coordinates": [
          6.628740239141508,
          46.530831690829295
        ]
      }
    },
    {
      "type": "Feature",
      "properties": {
        "id": "9004",
        "num": "46.0",
        "folio": "176",
        "parcel_id": "46",
        "merge_id": "176f46",
        "geom_id": "37550"
      },
      "geometry": {
        "type": "Point",
        "coordinates": [
          6.628871600460193,
          46.53156776784356
        ]
      }
    },
    {
      "type": "Feature",
      "properties": {
        "id": "9056",
        "num": "47.0",
        "folio": "27",
        "parcel_id": "47",
        "merge_id": "27f47",
        "geom_id": "14488"
      },
      "geometry": {
        "type": "Point",
        "coordinates": [
          6.630660417544526,
          46.5265367822524
        ]
      }
    },
    {
      "type": "Feature",
      "properties": {
        "id": "9057",
        "num": "47.0",
        "folio": "28",
        "parcel_id": "47",
        "merge_id": "28f47",
        "geom_id": "14994"
      },
      "geometry": {
        "type": "Point",
        "coordinates": [
          6.631396053802405,
          46.525033087275744
        ]
      }
    },
    {
      "type": "Feature",
      "properties": {
        "id": "9088",
        "num": "47.0",
        "folio": "156",
        "parcel_id": "47",
        "merge_id": "156f47",
        "geom_id": "34762"
      },
      "geometry": {
        "type": "Point",
        "coordinates": [
          6.628582006167153,
          46.52775012237229
        ]
      }
    },
    {
      "type": "Feature",
      "properties": {
        "id": "9089",
        "num": "47.0",
        "folio": "157",
        "parcel_id": "47",
        "merge_id": "157f47",
        "geom_id": "35142"
      },
      "geometry": {
        "type": "Point",
        "coordinates": [
          6.629483323285952,
          46.52746512310107
        ]
      }
    },
    {
      "type": "Feature",
      "properties": {
        "id": "9090",
        "num": "47.0",
        "folio": "158",
        "parcel_id": "47",
        "merge_id": "158f47",
        "geom_id": "35445"
      },
      "geometry": {
        "type": "Point",
        "coordinates": [
          6.630452824634414,
          46.52873753520618
        ]
      }
    },
    {
      "type": "Feature",
      "properties": {
        "id": "9091",
        "num": "47.0",
        "folio": "160",
        "parcel_id": "47",
        "merge_id": "160f47",
        "geom_id": "35760"
      },
      "geometry": {
        "type": "Point",
        "coordinates": [
          6.628973000777582,
          46.53086897245487
        ]
      }
    },
    {
      "type": "Feature",
      "properties": {
        "id": "9092",
        "num": "47.0",
        "folio": "176",
        "parcel_id": "47",
        "merge_id": "176f47",
        "geom_id": "37473"
      },
      "geometry": {
        "type": "Point",
        "coordinates": [
          6.629167352666113,
          46.53179647352583
        ]
      }
    },
    {
      "type": "Feature",
      "properties": {
        "id": "9143",
        "num": "48.0",
        "folio": "27",
        "parcel_id": "48",
        "merge_id": "27f48",
        "geom_id": "14522"
      },
      "geometry": {
        "type": "Point",
        "coordinates": [
          6.630727874476523,
          46.52622679418028
        ]
      }
    },
    {
      "type": "Feature",
      "properties": {
        "id": "9144",
        "num": "48.0",
        "folio": "28",
        "parcel_id": "48",
        "merge_id": "28f48",
        "geom_id": "14969"
      },
      "geometry": {
        "type": "Point",
        "coordinates": [
          6.631485403432993,
          46.525169540702116
        ]
      }
    },
    {
      "type": "Feature",
      "properties": {
        "id": "9175",
        "num": "48.0",
        "folio": "156",
        "parcel_id": "48",
        "merge_id": "156f48",
        "geom_id": "34760"
      },
      "geometry": {
        "type": "Point",
        "coordinates": [
          6.628315979925092,
          46.527489952229665
        ]
      }
    },
    {
      "type": "Feature",
      "properties": {
        "id": "9176",
        "num": "48.0",
        "folio": "157",
        "parcel_id": "48",
        "merge_id": "157f48",
        "geom_id": "35099"
      },
      "geometry": {
        "type": "Point",
        "coordinates": [
          6.629707955369914,
          46.527771969290434
        ]
      }
    },
    {
      "type": "Feature",
      "properties": {
        "id": "9177",
        "num": "48.0",
        "folio": "158",
        "parcel_id": "48",
        "merge_id": "158f48",
        "geom_id": "35469"
      },
      "geometry": {
        "type": "Point",
        "coordinates": [
          6.630307882543353,
          46.52856586512143
        ]
      }
    },
    {
      "type": "Feature",
      "properties": {
        "id": "9178",
        "num": "48.0",
        "folio": "160",
        "parcel_id": "48",
        "merge_id": "160f48",
        "geom_id": "35748"
      },
      "geometry": {
        "type": "Point",
        "coordinates": [
          6.628965316267785,
          46.53104024895589
        ]
      }
    },
    {
      "type": "Feature",
      "properties": {
        "id": "9225",
        "num": "49.0",
        "folio": "27",
        "parcel_id": "49",
        "merge_id": "27f49",
        "geom_id": "14547"
      },
      "geometry": {
        "type": "Point",
        "coordinates": [
          6.630487365262811,
          46.526121880842936
        ]
      }
    },
    {
      "type": "Feature",
      "properties": {
        "id": "9226",
        "num": "49.0",
        "folio": "28",
        "parcel_id": "49",
        "merge_id": "28f49",
        "geom_id": "14925"
      },
      "geometry": {
        "type": "Point",
        "coordinates": [
          6.631528869228052,
          46.52529117663064
        ]
      }
    },
    {
      "type": "Feature",
      "properties": {
        "id": "9257",
        "num": "49.0",
        "folio": "156",
        "parcel_id": "49",
        "merge_id": "156f49",
        "geom_id": "34771"
      },
      "geometry": {
        "type": "Point",
        "coordinates": [
          6.628442168121101,
          46.52743020337335
        ]
      }
    },
    {
      "type": "Feature",
      "properties": {
        "id": "9258",
        "num": "49.0",
        "folio": "157",
        "parcel_id": "49",
        "merge_id": "157f49",
        "geom_id": "35135"
      },
      "geometry": {
        "type": "Point",
        "coordinates": [
          6.630066983084113,
          46.527617177198664
        ]
      }
    },
    {
      "type": "Feature",
      "properties": {
        "id": "9259",
        "num": "49.0",
        "folio": "158",
        "parcel_id": "49",
        "merge_id": "158f49",
        "geom_id": "35473"
      },
      "geometry": {
        "type": "Point",
        "coordinates": [
          6.630376312941162,
          46.52849121474639
        ]
      }
    },
    {
      "type": "Feature",
      "properties": {
        "id": "9260",
        "num": "49.0",
        "folio": "160",
        "parcel_id": "49",
        "merge_id": "160f49",
        "geom_id": "35752"
      },
      "geometry": {
        "type": "Point",
        "coordinates": [
          6.628912197672304,
          46.53102691700988
        ]
      }
    },
    {
      "type": "Feature",
      "properties": {
        "id": "9308",
        "num": "50.0",
        "folio": "27",
        "parcel_id": "50",
        "merge_id": "27f50",
        "geom_id": "14597"
      },
      "geometry": {
        "type": "Point",
        "coordinates": [
          6.63045287135278,
          46.52579584559353
        ]
      }
    },
    {
      "type": "Feature",
      "properties": {
        "id": "9309",
        "num": "50.0",
        "folio": "28",
        "parcel_id": "50",
        "merge_id": "28f50",
        "geom_id": "14907"
      },
      "geometry": {
        "type": "Point",
        "coordinates": [
          6.631529442538501,
          46.525418190157644
        ]
      }
    },
    {
      "type": "Feature",
      "properties": {
        "id": "9339",
        "num": "50.0",
        "folio": "156",
        "parcel_id": "50",
        "merge_id": "156f50",
        "geom_id": "34784"
      },
      "geometry": {
        "type": "Point",
        "coordinates": [
          6.628545935730519,
          46.527379580425524
        ]
      }
    },
    {
      "type": "Feature",
      "properties": {
        "id": "9340",
        "num": "50.0",
        "folio": "157",
        "parcel_id": "50",
        "merge_id": "157f50",
        "geom_id": "35141"
      },
      "geometry": {
        "type": "Point",
        "coordinates": [
          6.630200586112201,
          46.52756911819704
        ]
      }
    },
    {
      "type": "Feature",
      "properties": {
        "id": "9341",
        "num": "50.0",
        "folio": "158",
        "parcel_id": "50",
        "merge_id": "158f50",
        "geom_id": "35396"
      },
      "geometry": {
        "type": "Point",
        "coordinates": [
          6.630577290381984,
          46.529139348256535
        ]
      }
    },
    {
      "type": "Feature",
      "properties": {
        "id": "9342",
        "num": "50.0",
        "folio": "160",
        "parcel_id": "50",
        "merge_id": "160f50",
        "geom_id": "35756"
      },
      "geometry": {
        "type": "Point",
        "coordinates": [
          6.628882102627986,
          46.53098578289633
        ]
      }
    },
    {
      "type": "Feature",
      "properties": {
        "id": "9388",
        "num": "51.0",
        "folio": "27",
        "parcel_id": "51",
        "merge_id": "27f51",
        "geom_id": "14579"
      },
      "geometry": {
        "type": "Point",
        "coordinates": [
          6.630503328395622,
          46.525978612465
        ]
      }
    },
    {
      "type": "Feature",
      "properties": {
        "id": "9389",
        "num": "51.0",
        "folio": "28",
        "parcel_id": "51",
        "merge_id": "28f51",
        "geom_id": "14901"
      },
      "geometry": {
        "type": "Point",
        "coordinates": [
          6.6315442268011,
          46.525448129767014
        ]
      }
    },
    {
      "type": "Feature",
      "properties": {
        "id": "9419",
        "num": "51.0",
        "folio": "156",
        "parcel_id": "51",
        "merge_id": "156f51",
        "geom_id": "34797"
      },
      "geometry": {
        "type": "Point",
        "coordinates": [
          6.628669514057936,
          46.527325616516
        ]
      }
    },
    {
      "type": "Feature",
      "properties": {
        "id": "9420",
        "num": "51.0",
        "folio": "157",
        "parcel_id": "51",
        "merge_id": "157f51",
        "geom_id": "35149"
      },
      "geometry": {
        "type": "Point",
        "coordinates": [
          6.630093661898197,
          46.52752708378251
        ]
      }
    },
    {
      "type": "Feature",
      "properties": {
        "id": "9421",
        "num": "51.0",
        "folio": "158",
        "parcel_id": "51",
        "merge_id": "158f51",
        "geom_id": "35393"
      },
      "geometry": {
        "type": "Point",
        "coordinates": [
          6.630696682177033,
          46.529185797436945
        ]
      }
    },
    {
      "type": "Feature",
      "properties": {
        "id": "9422",
        "num": "51.0",
        "folio": "160",
        "parcel_id": "51",
        "merge_id": "160f51",
        "geom_id": "35741"
      },
      "geometry": {
        "type": "Point",
        "coordinates": [
          6.629079579722251,
          46.53112908500747
        ]
      }
    },
    {
      "type": "Feature",
      "properties": {
        "id": "9465",
        "num": "52.0",
        "folio": "27",
        "parcel_id": "52",
        "merge_id": "27f52",
        "geom_id": "14576"
      },
      "geometry": {
        "type": "Point",
        "coordinates": [
          6.63040455359246,
          46.52600219129613
        ]
      }
    },
    {
      "type": "Feature",
      "properties": {
        "id": "9466",
        "num": "52.0",
        "folio": "28",
        "parcel_id": "52",
        "merge_id": "28f52",
        "geom_id": "14892"
      },
      "geometry": {
        "type": "Point",
        "coordinates": [
          6.631577329732164,
          46.525409154284084
        ]
      }
    },
    {
      "type": "Feature",
      "properties": {
        "id": "9493",
        "num": "52.0",
        "folio": "157",
        "parcel_id": "52",
        "merge_id": "157f52",
        "geom_id": "35151"
      },
      "geometry": {
        "type": "Point",
        "coordinates": [
          6.630137192441635,
          46.527476376624286
        ]
      }
    },
    {
      "type": "Feature",
      "properties": {
        "id": "9494",
        "num": "52.0",
        "folio": "158",
        "parcel_id": "52",
        "merge_id": "158f52",
        "geom_id": "35387"
      },
      "geometry": {
        "type": "Point",
        "coordinates": [
          6.630645321020982,
          46.52920263883455
        ]
      }
    },
    {
      "type": "Feature",
      "properties": {
        "id": "9495",
        "num": "52.0",
        "folio": "160",
        "parcel_id": "52",
        "merge_id": "160f52",
        "geom_id": "35764"
      },
      "geometry": {
        "type": "Point",
        "coordinates": [
          6.629159071422134,
          46.53091946215909
        ]
      }
    },
    {
      "type": "Feature",
      "properties": {
        "id": "9537",
        "num": "53.0",
        "folio": "27",
        "parcel_id": "53",
        "merge_id": "27f53",
        "geom_id": "14562"
      },
      "geometry": {
        "type": "Point",
        "coordinates": [
          6.630446041500347,
          46.52605654420317
        ]
      }
    },
    {
      "type": "Feature",
      "properties": {
        "id": "9538",
        "num": "53.0",
        "folio": "28",
        "parcel_id": "53",
        "merge_id": "28f53",
        "geom_id": "14869"
      },
      "geometry": {
        "type": "Point",
        "coordinates": [
          6.63162806515383,
          46.525567779753715
        ]
      }
    },
    {
      "type": "Feature",
      "properties": {
        "id": "9562",
        "num": "53.0",
        "folio": "157",
        "parcel_id": "53",
        "merge_id": "157f53",
        "geom_id": "35145"
      },
      "geometry": {
        "type": "Point",
        "coordinates": [
          6.630250336287093,
          46.5275190285425
        ]
      }
    },
    {
      "type": "Feature",
      "properties": {
        "id": "9563",
        "num": "53.0",
        "folio": "158",
        "parcel_id": "53",
        "merge_id": "158f53",
        "geom_id": "35392"
      },
      "geometry": {
        "type": "Point",
        "coordinates": [
          6.630654663753826,
          46.52913358999307
        ]
      }
    },
    {
      "type": "Feature",
      "properties": {
        "id": "9564",
        "num": "53.0",
        "folio": "160",
        "parcel_id": "53",
        "merge_id": "160f53",
        "geom_id": "35763"
      },
      "geometry": {
        "type": "Point",
        "coordinates": [
          6.629266944747747,
          46.530827576406274
        ]
      }
    },
    {
      "type": "Feature",
      "properties": {
        "id": "9606",
        "num": "54.0",
        "folio": "27",
        "parcel_id": "54",
        "merge_id": "27f54",
        "geom_id": "14556"
      },
      "geometry": {
        "type": "Point",
        "coordinates": [
          6.63052392481173,
          46.5260576771338
        ]
      }
    },
    {
      "type": "Feature",
      "properties": {
        "id": "9607",
        "num": "54.0",
        "folio": "28",
        "parcel_id": "54",
        "merge_id": "28f54",
        "geom_id": "14804"
      },
      "geometry": {
        "type": "Point",
        "coordinates": [
          6.631682929759508,
          46.52572558215469
        ]
      }
    },
    {
      "type": "Feature",
      "properties": {
        "id": "9632",
        "num": "54.0",
        "folio": "157",
        "parcel_id": "54",
        "merge_id": "157f54",
        "geom_id": "35143"
      },
      "geometry": {
        "type": "Point",
        "coordinates": [
          6.62989321596664,
          46.527463173194654
        ]
      }
    },
    {
      "type": "Feature",
      "properties": {
        "id": "9633",
        "num": "54.0",
        "folio": "158",
        "parcel_id": "54",
        "merge_id": "158f54",
        "geom_id": "35391"
      },
      "geometry": {
        "type": "Point",
        "coordinates": [
          6.630787398372807,
          46.52913723762017
        ]
      }
    },
    {
      "type": "Feature",
      "properties": {
        "id": "9634",
        "num": "54.0",
        "folio": "160",
        "parcel_id": "54",
        "merge_id": "160f54",
        "geom_id": "35791"
      },
      "geometry": {
        "type": "Point",
        "coordinates": [
          6.629502482045429,
          46.53054628603686
        ]
      }
    },
    {
      "type": "Feature",
      "properties": {
        "id": "9674",
        "num": "55.0",
        "folio": "27",
        "parcel_id": "55",
        "merge_id": "27f55",
        "geom_id": "14563"
      },
      "geometry": {
        "type": "Point",
        "coordinates": [
          6.630645399508294,
          46.52605651877624
        ]
      }
    },
    {
      "type": "Feature",
      "properties": {
        "id": "9675",
        "num": "55.0",
        "folio": "28",
        "parcel_id": "55",
        "merge_id": "28f55",
        "geom_id": "14799"
      },
      "geometry": {
        "type": "Point",
        "coordinates": [
          6.632008860951768,
          46.52633936370515
        ]
      }
    },
    {
      "type": "Feature",
      "properties": {
        "id": "9700",
        "num": "55.0",
        "folio": "157",
        "parcel_id": "55",
        "merge_id": "157f55",
        "geom_id": "35152"
      },
      "geometry": {
        "type": "Point",
        "coordinates": [
          6.629762747335828,
          46.52732954062698
        ]
      }
    },
    {
      "type": "Feature",
      "properties": {
        "id": "9701",
        "num": "55.0",
        "folio": "158",
        "parcel_id": "55",
        "merge_id": "158f55",
        "geom_id": "35422"
      },
      "geometry": {
        "type": "Point",
        "coordinates": [
          6.630651110549847,
          46.52898214179463
        ]
      }
    },
    {
      "type": "Feature",
      "properties": {
        "id": "9702",
        "num": "55.0",
        "folio": "160",
        "parcel_id": "55",
        "merge_id": "160f55",
        "geom_id": "35806"
      },
      "geometry": {
        "type": "Point",
        "coordinates": [
          6.628497506196317,
          46.52969540292087
        ]
      }
    },
    {
      "type": "Feature",
      "properties": {
        "id": "9742",
        "num": "56.0",
        "folio": "27",
        "parcel_id": "56",
        "merge_id": "27f56",
        "geom_id": "14570"
      },
      "geometry": {
        "type": "Point",
        "coordinates": [
          6.630716543877506,
          46.52603216482516
        ]
      }
    },
    {
      "type": "Feature",
      "properties": {
        "id": "9743",
        "num": "56.0",
        "folio": "28",
        "parcel_id": "56",
        "merge_id": "28f56",
        "geom_id": "14796"
      },
      "geometry": {
        "type": "Point",
        "coordinates": [
          6.631938800297606,
          46.52631698698838
        ]
      }
    },
    {
      "type": "Feature",
      "properties": {
        "id": "9767",
        "num": "56.0",
        "folio": "157",
        "parcel_id": "56",
        "merge_id": "157f56",
        "geom_id": "14364"
      },
      "geometry": {
        "type": "Point",
        "coordinates": [
          6.630094495717812,
          46.527193757145504
        ]
      }
    },
    {
      "type": "Feature",
      "properties": {
        "id": "9768",
        "num": "56.0",
        "folio": "158",
        "parcel_id": "56",
        "merge_id": "158f56",
        "geom_id": "35415"
      },
      "geometry": {
        "type": "Point",
        "coordinates": [
          6.630730967356786,
          46.529032611179616
        ]
      }
    },
    {
      "type": "Feature",
      "properties": {
        "id": "9769",
        "num": "56.0",
        "folio": "160",
        "parcel_id": "56",
        "merge_id": "160f56",
        "geom_id": "35864"
      },
      "geometry": {
        "type": "Point",
        "coordinates": [
          6.628775341539002,
          46.52977009917011
        ]
      }
    },
    {
      "type": "Feature",
      "properties": {
        "id": "9809",
        "num": "57.0",
        "folio": "27",
        "parcel_id": "57",
        "merge_id": "27f57",
        "geom_id": "14592"
      },
      "geometry": {
        "type": "Point",
        "coordinates": [
          6.63030283321701,
          46.52585866266918
        ]
      }
    },
    {
      "type": "Feature",
      "properties": {
        "id": "9832",
        "num": "57.0",
        "folio": "157",
        "parcel_id": "57",
        "merge_id": "157f57",
        "geom_id": "35158"
      },
      "geometry": {
        "type": "Point",
        "coordinates": [
          6.630392312805763,
          46.52741083995234
        ]
      }
    },
    {
      "type": "Feature",
      "properties": {
        "id": "9833",
        "num": "57.0",
        "folio": "158",
        "parcel_id": "57",
        "merge_id": "158f57",
        "geom_id": "35418"
      },
      "geometry": {
        "type": "Point",
        "coordinates": [
          6.630768591837194,
          46.52901739265098
        ]
      }
    },
    {
      "type": "Feature",
      "properties": {
        "id": "9834",
        "num": "57.0",
        "folio": "160",
        "parcel_id": "57",
        "merge_id": "160f57",
        "geom_id": "35847"
      },
      "geometry": {
        "type": "Point",
        "coordinates": [
          6.62883180508204,
          46.529873242111044
        ]
      }
    },
    {
      "type": "Feature",
      "properties": {
        "id": "9847",
        "num": "57.3",
        "folio": "28",
        "parcel_id": "57-3",
        "merge_id": "28f57-3",
        "geom_id": "14910"
      },
      "geometry": {
        "type": "Point",
        "coordinates": [
          6.631611302243281,
          46.524827617506276
        ]
      }
    },
    {
      "type": "Feature",
      "properties": {
        "id": "9848",
        "num": "57.4",
        "folio": "28",
        "parcel_id": "57-4",
        "merge_id": "28f57-4",
        "geom_id": "15017"
      },
      "geometry": {
        "type": "Point",
        "coordinates": [
          6.631173332253023,
          46.52502593969981
        ]
      }
    },
    {
      "type": "Feature",
      "properties": {
        "id": "9874",
        "num": "58.0",
        "folio": "27",
        "parcel_id": "58",
        "merge_id": "27f58",
        "geom_id": "14573"
      },
      "geometry": {
        "type": "Point",
        "coordinates": [
          6.630528676456296,
          46.525879928756915
        ]
      }
    },
    {
      "type": "Feature",
      "properties": {
        "id": "9875",
        "num": "58.0",
        "folio": "28",
        "parcel_id": "58",
        "merge_id": "28f58",
        "geom_id": "15089"
      },
      "geometry": {
        "type": "Point",
        "coordinates": [
          6.631742623048107,
          46.52464997814718
        ]
      }
    },
    {
      "type": "Feature",
      "properties": {
        "id": "9897",
        "num": "58.0",
        "folio": "157",
        "parcel_id": "58",
        "merge_id": "157f58",
        "geom_id": "35173"
      },
      "geometry": {
        "type": "Point",
        "coordinates": [
          6.630398663474757,
          46.52726385199763
        ]
      }
    },
    {
      "type": "Feature",
      "properties": {
        "id": "9898",
        "num": "58.0",
        "folio": "158",
        "parcel_id": "58",
        "merge_id": "158f58",
        "geom_id": "35411"
      },
      "geometry": {
        "type": "Point",
        "coordinates": [
          6.630812023871735,
          46.52905842547224
        ]
      }
    },
    {
      "type": "Feature",
      "properties": {
        "id": "9899",
        "num": "58.0",
        "folio": "160",
        "parcel_id": "58",
        "merge_id": "160f58",
        "geom_id": "35857"
      },
      "geometry": {
        "type": "Point",
        "coordinates": [
          6.628891602154415,
          46.52986778120561
        ]
      }
    },
    {
      "type": "Feature",
      "properties": {
        "id": "9937",
        "num": "59.0",
        "folio": "28",
        "parcel_id": "59",
        "merge_id": "28f59",
        "geom_id": "15019"
      },
      "geometry": {
        "type": "Point",
        "coordinates": [
          6.631903194320646,
          46.52498250215815
        ]
      }
    },
    {
      "type": "Feature",
      "properties": {
        "id": "9956",
        "num": "59.0",
        "folio": "157",
        "parcel_id": "59",
        "merge_id": "157f59",
        "geom_id": "35156"
      },
      "geometry": {
        "type": "Point",
        "coordinates": [
          6.630489611195478,
          46.52737455978759
        ]
      }
    },
    {
      "type": "Feature",
      "properties": {
        "id": "9957",
        "num": "59.0",
        "folio": "158",
        "parcel_id": "59",
        "merge_id": "158f59",
        "geom_id": "35413"
      },
      "geometry": {
        "type": "Point",
        "coordinates": [
          6.630564481126719,
          46.52899557734838
        ]
      }
    },
    {
      "type": "Feature",
      "properties": {
        "id": "9958",
        "num": "59.0",
        "folio": "160",
        "parcel_id": "59",
        "merge_id": "160f59",
        "geom_id": "35876"
      },
      "geometry": {
        "type": "Point",
        "coordinates": [
          6.628751439028354,
          46.529799661317966
        ]
      }
    },
    {
      "type": "Feature",
      "properties": {
        "id": "9994",
        "num": "60.0",
        "folio": "27",
        "parcel_id": "60",
        "merge_id": "27f60",
        "geom_id": "14575"
      },
      "geometry": {
        "type": "Point",
        "coordinates": [
          6.63077139636551,
          46.525864890895214
        ]
      }
    },
    {
      "type": "Feature",
      "properties": {
        "id": "9995",
        "num": "60.0",
        "folio": "28",
        "parcel_id": "60",
        "merge_id": "28f60",
        "geom_id": "15027"
      },
      "geometry": {
        "type": "Point",
        "coordinates": [
          6.632443348782052,
          46.52503002117677
        ]
      }
    },
    {
      "type": "Feature",
      "properties": {
        "id": "10014",
        "num": "60.0",
        "folio": "157",
        "parcel_id": "60",
        "merge_id": "157f60",
        "geom_id": "35166"
      },
      "geometry": {
        "type": "Point",
        "coordinates": [
          6.630141839478174,
          46.52716571970111
        ]
      }
    },
    {
      "type": "Feature",
      "properties": {
        "id": "10015",
        "num": "60.0",
        "folio": "158",
        "parcel_id": "60",
        "merge_id": "158f60",
        "geom_id": "35408"
      },
      "geometry": {
        "type": "Point",
        "coordinates": [
          6.630844885476797,
          46.52902826014654
        ]
      }
    },
    {
      "type": "Feature",
      "properties": {
        "id": "10016",
        "num": "60.0",
        "folio": "160",
        "parcel_id": "60",
        "merge_id": "160f60",
        "geom_id": "35858"
      },
      "geometry": {
        "type": "Point",
        "coordinates": [
          6.628542205361328,
          46.52958738884361
        ]
      }
    },
    {
      "type": "Feature",
      "properties": {
        "id": "10054",
        "num": "61.0",
        "folio": "27",
        "parcel_id": "61",
        "merge_id": "27f61",
        "geom_id": "14600"
      },
      "geometry": {
        "type": "Point",
        "coordinates": [
          6.630845118113856,
          46.52580817861958
        ]
      }
    },
    {
      "type": "Feature",
      "properties": {
        "id": "10055",
        "num": "61.0",
        "folio": "28",
        "parcel_id": "61",
        "merge_id": "28f61",
        "geom_id": "14966"
      },
      "geometry": {
        "type": "Point",
        "coordinates": [
          6.631987026942608,
          46.52518191665213
        ]
      }
    },
    {
      "type": "Feature",
      "properties": {
        "id": "10074",
        "num": "61.0",
        "folio": "157",
        "parcel_id": "61",
        "merge_id": "157f61",
        "geom_id": "14380"
      },
      "geometry": {
        "type": "Point",
        "coordinates": [
          6.630049714450255,
          46.52710602060254
        ]
      }
    },
    {
      "type": "Feature",
      "properties": {
        "id": "10075",
        "num": "61.0",
        "folio": "158",
        "parcel_id": "61",
        "merge_id": "158f61",
        "geom_id": "35441"
      },
      "geometry": {
        "type": "Point",
        "coordinates": [
          6.630626663506574,
          46.528838574801874
        ]
      }
    },
    {
      "type": "Feature",
      "properties": {
        "id": "10076",
        "num": "61.0",
        "folio": "160",
        "parcel_id": "61",
        "merge_id": "160f61",
        "geom_id": "35851"
      },
      "geometry": {
        "type": "Point",
        "coordinates": [
          6.628807024974468,
          46.52967671127694
        ]
      }
    },
    {
      "type": "Feature",
      "properties": {
        "id": "10113",
        "num": "62.0",
        "folio": "27",
        "parcel_id": "62",
        "merge_id": "27f62",
        "geom_id": "14612"
      },
      "geometry": {
        "type": "Point",
        "coordinates": [
          6.630551562592983,
          46.52555372407667
        ]
      }
    },
    {
      "type": "Feature",
      "properties": {
        "id": "10114",
        "num": "62.0",
        "folio": "28",
        "parcel_id": "62",
        "merge_id": "28f62",
        "geom_id": "14961"
      },
      "geometry": {
        "type": "Point",
        "coordinates": [
          6.631948700692117,
          46.52521233098833
        ]
      }
    },
    {
      "type": "Feature",
      "properties": {
        "id": "10133",
        "num": "62.0",
        "folio": "157",
        "parcel_id": "62",
        "merge_id": "157f62",
        "geom_id": "35186"
      },
      "geometry": {
        "type": "Point",
        "coordinates": [
          6.63051001080013,
          46.52720445613031
        ]
      }
    },
    {
      "type": "Feature",
      "properties": {
        "id": "10134",
        "num": "62.0",
        "folio": "158",
        "parcel_id": "62",
        "merge_id": "158f62",
        "geom_id": "35450"
      },
      "geometry": {
        "type": "Point",
        "coordinates": [
          6.630753140422822,
          46.52877236757142
        ]
      }
    },
    {
      "type": "Feature",
      "properties": {
        "id": "10135",
        "num": "62.0",
        "folio": "160",
        "parcel_id": "62",
        "merge_id": "160f62",
        "geom_id": "35829"
      },
      "geometry": {
        "type": "Point",
        "coordinates": [
          6.628958323894691,
          46.529969525371214
        ]
      }
    },
    {
      "type": "Feature",
      "properties": {
        "id": "10171",
        "num": "63.0",
        "folio": "27",
        "parcel_id": "63",
        "merge_id": "27f63",
        "geom_id": "14628"
      },
      "geometry": {
        "type": "Point",
        "coordinates": [
          6.630811998698911,
          46.52555818046786
        ]
      }
    },
    {
      "type": "Feature",
      "properties": {
        "id": "10172",
        "num": "63.0",
        "folio": "28",
        "parcel_id": "63",
        "merge_id": "28f63",
        "geom_id": "14941"
      },
      "geometry": {
        "type": "Point",
        "coordinates": [
          6.631875744368551,
          46.525301315514504
        ]
      }
    },
    {
      "type": "Feature",
      "properties": {
        "id": "10188",
        "num": "63.0",
        "folio": "157",
        "parcel_id": "63",
        "merge_id": "157f63",
        "geom_id": "35199"
      },
      "geometry": {
        "type": "Point",
        "coordinates": [
          6.630706922523812,
          46.52711586160072
        ]
      }
    },
    {
      "type": "Feature",
      "properties": {
        "id": "10189",
        "num": "63.0",
        "folio": "158",
        "parcel_id": "63",
        "merge_id": "158f63",
        "geom_id": "35442"
      },
      "geometry": {
        "type": "Point",
        "coordinates": [
          6.630828293910032,
          46.528831693759486
        ]
      }
    },
    {
      "type": "Feature",
      "properties": {
        "id": "10190",
        "num": "63.0",
        "folio": "160",
        "parcel_id": "63",
        "merge_id": "160f63",
        "geom_id": "35804"
      },
      "geometry": {
        "type": "Point",
        "coordinates": [
          6.629366078105098,
          46.530312447630855
        ]
      }
    },
    {
      "type": "Feature",
      "properties": {
        "id": "10229",
        "num": "64.0",
        "folio": "27",
        "parcel_id": "64",
        "merge_id": "27f64",
        "geom_id": "14641"
      },
      "geometry": {
        "type": "Point",
        "coordinates": [
          6.630764510078595,
          46.52548499497266
        ]
      }
    },
    {
      "type": "Feature",
      "properties": {
        "id": "10230",
        "num": "64.0",
        "folio": "28",
        "parcel_id": "64",
        "merge_id": "28f64",
        "geom_id": "14947"
      },
      "geometry": {
        "type": "Point",
        "coordinates": [
          6.631821597815533,
          46.525260867081776
        ]
      }
    },
    {
      "type": "Feature",
      "properties": {
        "id": "10245",
        "num": "64.0",
        "folio": "157",
        "parcel_id": "64",
        "merge_id": "157f64",
        "geom_id": "35178"
      },
      "geometry": {
        "type": "Point",
        "coordinates": [
          6.630673061344282,
          46.52726981901857
        ]
      }
    },
    {
      "type": "Feature",
      "properties": {
        "id": "10246",
        "num": "64.0",
        "folio": "158",
        "parcel_id": "64",
        "merge_id": "158f64",
        "geom_id": "35440"
      },
      "geometry": {
        "type": "Point",
        "coordinates": [
          6.630658034651064,
          46.528796927484
        ]
      }
    },
    {
      "type": "Feature",
      "properties": {
        "id": "10247",
        "num": "64.0",
        "folio": "160",
        "parcel_id": "64",
        "merge_id": "160f64",
        "geom_id": "35790"
      },
      "geometry": {
        "type": "Point",
        "coordinates": [
          6.629544935161225,
          46.530531272755226
        ]
      }
    },
    {
      "type": "Feature",
      "properties": {
        "id": "10282",
        "num": "65.0",
        "folio": "27",
        "parcel_id": "65",
        "merge_id": "27f65",
        "geom_id": "14616"
      },
      "geometry": {
        "type": "Point",
        "coordinates": [
          6.630855209024952,
          46.52563740609312
        ]
      }
    },
    {
      "type": "Feature",
      "properties": {
        "id": "10296",
        "num": "65.0",
        "folio": "157",
        "parcel_id": "65",
        "merge_id": "157f65",
        "geom_id": "35194"
      },
      "geometry": {
        "type": "Point",
        "coordinates": [
          6.630335833333983,
          46.527022361663626
        ]
      }
    },
    {
      "type": "Feature",
      "properties": {
        "id": "10297",
        "num": "65.0",
        "folio": "158",
        "parcel_id": "65",
        "merge_id": "158f65",
        "geom_id": "35435"
      },
      "geometry": {
        "type": "Point",
        "coordinates": [
          6.630931413288013,
          46.528854797191904
        ]
      }
    },
    {
      "type": "Feature",
      "properties": {
        "id": "10298",
        "num": "65.0",
        "folio": "160",
        "parcel_id": "65",
        "merge_id": "160f65",
        "geom_id": "35794"
      },
      "geometry": {
        "type": "Point",
        "coordinates": [
          6.629447249271473,
          46.53041782716039
        ]
      }
    },
    {
      "type": "Feature",
      "properties": {
        "id": "10310",
        "num": "65.3",
        "folio": "28",
        "parcel_id": "65-3",
        "merge_id": "28f65-3",
        "geom_id": "14938"
      },
      "geometry": {
        "type": "Point",
        "coordinates": [
          6.631689546871961,
          46.52530993611547
        ]
      }
    },
    {
      "type": "Feature",
      "properties": {
        "id": "10312",
        "num": "65.3",
        "folio": "28",
        "parcel_id": "65-3",
        "merge_id": "28f65-3",
        "geom_id": "14943"
      },
      "geometry": {
        "type": "Point",
        "coordinates": [
          6.631560158823478,
          46.52493253359813
        ]
      }
    },
    {
      "type": "Feature",
      "properties": {
        "id": "10339",
        "num": "66.0",
        "folio": "27",
        "parcel_id": "66",
        "merge_id": "27f66",
        "geom_id": "14624"
      },
      "geometry": {
        "type": "Point",
        "coordinates": [
          6.630657094415882,
          46.52541427345438
        ]
      }
    },
    {
      "type": "Feature",
      "properties": {
        "id": "10353",
        "num": "66.0",
        "folio": "157",
        "parcel_id": "66",
        "merge_id": "157f66",
        "geom_id": "35210"
      },
      "geometry": {
        "type": "Point",
        "coordinates": [
          6.630789362678216,
          46.52704565487641
        ]
      }
    },
    {
      "type": "Feature",
      "properties": {
        "id": "10354",
        "num": "66.0",
        "folio": "158",
        "parcel_id": "66",
        "merge_id": "158f66",
        "geom_id": "35470"
      },
      "geometry": {
        "type": "Point",
        "coordinates": [
          6.630874594183329,
          46.52854179618625
        ]
      }
    },
    {
      "type": "Feature",
      "properties": {
        "id": "10355",
        "num": "66.0",
        "folio": "160",
        "parcel_id": "66",
        "merge_id": "160f66",
        "geom_id": "35812"
      },
      "geometry": {
        "type": "Point",
        "coordinates": [
          6.629184598403876,
          46.53018339054373
        ]
      }
    },
    {
      "type": "Feature",
      "properties": {
        "id": "10392",
        "num": "67.0",
        "folio": "27",
        "parcel_id": "67",
        "merge_id": "27f67",
        "geom_id": "14613"
      },
      "geometry": {
        "type": "Point",
        "coordinates": [
          6.630580626256667,
          46.52554265708898
        ]
      }
    },
    {
      "type": "Feature",
      "properties": {
        "id": "10405",
        "num": "67.0",
        "folio": "157",
        "parcel_id": "67",
        "merge_id": "157f67",
        "geom_id": "35218"
      },
      "geometry": {
        "type": "Point",
        "coordinates": [
          6.631154939884441,
          46.52700784470449
        ]
      }
    },
    {
      "type": "Feature",
      "properties": {
        "id": "10406",
        "num": "67.0",
        "folio": "158",
        "parcel_id": "67",
        "merge_id": "158f67",
        "geom_id": "35461"
      },
      "geometry": {
        "type": "Point",
        "coordinates": [
          6.630966109166866,
          46.52864626413582
        ]
      }
    },
    {
      "type": "Feature",
      "properties": {
        "id": "10407",
        "num": "67.0",
        "folio": "160",
        "parcel_id": "67",
        "merge_id": "160f67",
        "geom_id": "35829"
      },
      "geometry": {
        "type": "Point",
        "coordinates": [
          6.629098600629671,
          46.52985924925646
        ]
      }
    },
    {
      "type": "Feature",
      "properties": {
        "id": "10417",
        "num": "67.2",
        "folio": "160",
        "parcel_id": "67-2",
        "merge_id": "160f67-2",
        "geom_id": "35829"
      },
      "geometry": {
        "type": "Point",
        "coordinates": [
          6.628798305155773,
          46.52956245688937
        ]
      }
    },
    {
      "type": "Feature",
      "properties": {
        "id": "10444",
        "num": "68.0",
        "folio": "28",
        "parcel_id": "68",
        "merge_id": "28f68",
        "geom_id": "14924"
      },
      "geometry": {
        "type": "Point",
        "coordinates": [
          6.631701836249926,
          46.52536912411739
        ]
      }
    },
    {
      "type": "Feature",
      "properties": {
        "id": "10457",
        "num": "68.0",
        "folio": "157",
        "parcel_id": "68",
        "merge_id": "157f68",
        "geom_id": "35189"
      },
      "geometry": {
        "type": "Point",
        "coordinates": [
          6.630826991942999,
          46.52716744731145
        ]
      }
    },
    {
      "type": "Feature",
      "properties": {
        "id": "10458",
        "num": "68.0",
        "folio": "158",
        "parcel_id": "68",
        "merge_id": "158f68",
        "geom_id": "35467"
      },
      "geometry": {
        "type": "Point",
        "coordinates": [
          6.631019530093883,
          46.5286027661816
        ]
      }
    },
    {
      "type": "Feature",
      "properties": {
        "id": "10459",
        "num": "68.0",
        "folio": "160",
        "parcel_id": "68",
        "merge_id": "160f68",
        "geom_id": "35815"
      },
      "geometry": {
        "type": "Point",
        "coordinates": [
          6.629588386339785,
          46.53022159652982
        ]
      }
    },
    {
      "type": "Feature",
      "properties": {
        "id": "10493",
        "num": "69.0",
        "folio": "28",
        "parcel_id": "69",
        "merge_id": "28f69",
        "geom_id": "14906"
      },
      "geometry": {
        "type": "Point",
        "coordinates": [
          6.631878575871327,
          46.525414990631546
        ]
      }
    },
    {
      "type": "Feature",
      "properties": {
        "id": "10505",
        "num": "69.0",
        "folio": "157",
        "parcel_id": "69",
        "merge_id": "157f69",
        "geom_id": "35203"
      },
      "geometry": {
        "type": "Point",
        "coordinates": [
          6.630634365598289,
          46.52689110663104
        ]
      }
    },
    {
      "type": "Feature",
      "properties": {
        "id": "10506",
        "num": "69.0",
        "folio": "158",
        "parcel_id": "69",
        "merge_id": "158f69",
        "geom_id": "35455"
      },
      "geometry": {
        "type": "Point",
        "coordinates": [
          6.631059984818618,
          46.52870400272991
        ]
      }
    },
    {
      "type": "Feature",
      "properties": {
        "id": "10507",
        "num": "69.0",
        "folio": "160",
        "parcel_id": "69",
        "merge_id": "160f69",
        "geom_id": "35803"
      },
      "geometry": {
        "type": "Point",
        "coordinates": [
          6.629626653593684,
          46.53031518902953
        ]
      }
    },
    {
      "type": "Feature",
      "properties": {
        "id": "10538",
        "num": "70.0",
        "folio": "27",
        "parcel_id": "70",
        "merge_id": "27f70",
        "geom_id": "14649"
      },
      "geometry": {
        "type": "Point",
        "coordinates": [
          6.630549281872578,
          46.525342103621576
        ]
      }
    },
    {
      "type": "Feature",
      "properties": {
        "id": "10539",
        "num": "70.0",
        "folio": "28",
        "parcel_id": "70",
        "merge_id": "28f70",
        "geom_id": "14908"
      },
      "geometry": {
        "type": "Point",
        "coordinates": [
          6.631910342221333,
          46.52541038618084
        ]
      }
    },
    {
      "type": "Feature",
      "properties": {
        "id": "10552",
        "num": "70.0",
        "folio": "157",
        "parcel_id": "70",
        "merge_id": "157f70",
        "geom_id": "34927"
      },
      "geometry": {
        "type": "Point",
        "coordinates": [
          6.630292342368443,
          46.528375445078886
        ]
      }
    },
    {
      "type": "Feature",
      "properties": {
        "id": "10553",
        "num": "70.0",
        "folio": "158",
        "parcel_id": "70",
        "merge_id": "158f70",
        "geom_id": "35457"
      },
      "geometry": {
        "type": "Point",
        "coordinates": [
          6.630745046748541,
          46.52861887954395
        ]
      }
    },
    {
      "type": "Feature",
      "properties": {
        "id": "10554",
        "num": "70.0",
        "folio": "160",
        "parcel_id": "70",
        "merge_id": "160f70",
        "geom_id": "35809"
      },
      "geometry": {
        "type": "Point",
        "coordinates": [
          6.629680947161406,
          46.53027848379022
        ]
      }
    },
    {
      "type": "Feature",
      "properties": {
        "id": "10599",
        "num": "71.0",
        "folio": "157",
        "parcel_id": "71",
        "merge_id": "157f71",
        "geom_id": "34946"
      },
      "geometry": {
        "type": "Point",
        "coordinates": [
          6.630464389023852,
          46.5282282044477
        ]
      }
    },
    {
      "type": "Feature",
      "properties": {
        "id": "10600",
        "num": "71.0",
        "folio": "158",
        "parcel_id": "71",
        "merge_id": "158f71",
        "geom_id": "35463"
      },
      "geometry": {
        "type": "Point",
        "coordinates": [
          6.631049872454176,
          46.52862994002167
        ]
      }
    },
    {
      "type": "Feature",
      "properties": {
        "id": "10601",
        "num": "71.0",
        "folio": "160",
        "parcel_id": "71",
        "merge_id": "160f71",
        "geom_id": "35817"
      },
      "geometry": {
        "type": "Point",
        "coordinates": [
          6.629436715895626,
          46.53012425145827
        ]
      }
    },
    {
      "type": "Feature",
      "properties": {
        "id": "10608",
        "num": "71.3",
        "folio": "28",
        "parcel_id": "71-3",
        "merge_id": "28f71-3",
        "geom_id": "14854"
      },
      "geometry": {
        "type": "Point",
        "coordinates": [
          6.631757990422521,
          46.52546811920174
        ]
      }
    },
    {
      "type": "Feature",
      "properties": {
        "id": "10609",
        "num": "71.3",
        "folio": "28",
        "parcel_id": "71-3",
        "merge_id": "28f71-3",
        "geom_id": "14918"
      },
      "geometry": {
        "type": "Point",
        "coordinates": [
          6.631738614051676,
          46.525359725022106
        ]
      }
    },
    {
      "type": "Feature",
      "properties": {
        "id": "10646",
        "num": "72.0",
        "folio": "157",
        "parcel_id": "72",
        "merge_id": "157f72",
        "geom_id": "34930"
      },
      "geometry": {
        "type": "Point",
        "coordinates": [
          6.630370213228841,
          46.528305492705364
        ]
      }
    },
    {
      "type": "Feature",
      "properties": {
        "id": "10647",
        "num": "72.0",
        "folio": "158",
        "parcel_id": "72",
        "merge_id": "158f72",
        "geom_id": "35462"
      },
      "geometry": {
        "type": "Point",
        "coordinates": [
          6.631087925022316,
          46.52858604585904
        ]
      }
    },
    {
      "type": "Feature",
      "properties": {
        "id": "10648",
        "num": "72.0",
        "folio": "160",
        "parcel_id": "72",
        "merge_id": "160f72",
        "geom_id": "35826"
      },
      "geometry": {
        "type": "Point",
        "coordinates": [
          6.629336599469184,
          46.5297743982809
        ]
      }
    },
    {
      "type": "Feature",
      "properties": {
        "id": "10679",
        "num": "73.0",
        "folio": "28",
        "parcel_id": "73",
        "merge_id": "28f73",
        "geom_id": "14807"
      },
      "geometry": {
        "type": "Point",
        "coordinates": [
          6.631960808832011,
          46.52572500104259
        ]
      }
    },
    {
      "type": "Feature",
      "properties": {
        "id": "10691",
        "num": "73.0",
        "folio": "157",
        "parcel_id": "73",
        "merge_id": "157f73",
        "geom_id": "34933"
      },
      "geometry": {
        "type": "Point",
        "coordinates": [
          6.629866980078964,
          46.52793991259078
        ]
      }
    },
    {
      "type": "Feature",
      "properties": {
        "id": "10692",
        "num": "73.0",
        "folio": "158",
        "parcel_id": "73",
        "merge_id": "158f73",
        "geom_id": "35482"
      },
      "geometry": {
        "type": "Point",
        "coordinates": [
          6.630867019347663,
          46.52835704550195
        ]
      }
    },
    {
      "type": "Feature",
      "properties": {
        "id": "10693",
        "num": "73.0",
        "folio": "160",
        "parcel_id": "73",
        "merge_id": "160f73",
        "geom_id": "35839"
      },
      "geometry": {
        "type": "Point",
        "coordinates": [
          6.629176288271856,
          46.529855387765906
        ]
      }
    },
    {
      "type": "Feature",
      "properties": {
        "id": "10727",
        "num": "74.0",
        "folio": "27",
        "parcel_id": "74",
        "merge_id": "27f74",
        "geom_id": "14673"
      },
      "geometry": {
        "type": "Point",
        "coordinates": [
          6.630784911404699,
          46.5252408703636
        ]
      }
    },
    {
      "type": "Feature",
      "properties": {
        "id": "10728",
        "num": "74.0",
        "folio": "28",
        "parcel_id": "74",
        "merge_id": "28f74",
        "geom_id": "14802"
      },
      "geometry": {
        "type": "Point",
        "coordinates": [
          6.632106855214639,
          46.526255387420115
        ]
      }
    },
    {
      "type": "Feature",
      "properties": {
        "id": "10739",
        "num": "74.0",
        "folio": "157",
        "parcel_id": "74",
        "merge_id": "157f74",
        "geom_id": "34972"
      },
      "geometry": {
        "type": "Point",
        "coordinates": [
          6.630597814397158,
          46.528108776721574
        ]
      }
    },
    {
      "type": "Feature",
      "properties": {
        "id": "10740",
        "num": "74.0",
        "folio": "158",
        "parcel_id": "74",
        "merge_id": "158f74",
        "geom_id": "35374"
      },
      "geometry": {
        "type": "Point",
        "coordinates": [
          6.630987630674738,
          46.52917992756761
        ]
      }
    },
    {
      "type": "Feature",
      "properties": {
        "id": "10741",
        "num": "74.0",
        "folio": "160",
        "parcel_id": "74",
        "merge_id": "160f74",
        "geom_id": "35870"
      },
      "geometry": {
        "type": "Point",
        "coordinates": [
          6.629029959174686,
          46.529714805831055
        ]
      }
    },
    {
      "type": "Feature",
      "properties": {
        "id": "10771",
        "num": "75.0",
        "folio": "27",
        "parcel_id": "75",
        "merge_id": "27f75",
        "geom_id": "14659"
      },
      "geometry": {
        "type": "Point",
        "coordinates": [
          6.630725618581786,
          46.52528496596961
        ]
      }
    },
    {
      "type": "Feature",
      "properties": {
        "id": "10783",
        "num": "75.0",
        "folio": "157",
        "parcel_id": "75",
        "merge_id": "157f75",
        "geom_id": "35015"
      },
      "geometry": {
        "type": "Point",
        "coordinates": [
          6.630376275104003,
          46.5280389844921
        ]
      }
    },
    {
      "type": "Feature",
      "properties": {
        "id": "10784",
        "num": "75.0",
        "folio": "158",
        "parcel_id": "75",
        "merge_id": "158f75",
        "geom_id": "35478"
      },
      "geometry": {
        "type": "Point",
        "coordinates": [
          6.630952383705623,
          46.52825731233112
        ]
      }
    },
    {
      "type": "Feature",
      "properties": {
        "id": "10785",
        "num": "75.0",
        "folio": "160",
        "parcel_id": "75",
        "merge_id": "160f75",
        "geom_id": "35837"
      },
      "geometry": {
        "type": "Point",
        "coordinates": [
          6.629374528153517,
          46.53008995379662
        ]
      }
    },
    {
      "type": "Feature",
      "properties": {
        "id": "10812",
        "num": "76.0",
        "folio": "27",
        "parcel_id": "76",
        "merge_id": "27f76",
        "geom_id": "14665"
      },
      "geometry": {
        "type": "Point",
        "coordinates": [
          6.63070299247812,
          46.525257631625166
        ]
      }
    },
    {
      "type": "Feature",
      "properties": {
        "id": "10823",
        "num": "76.0",
        "folio": "157",
        "parcel_id": "76",
        "merge_id": "157f76",
        "geom_id": "35020"
      },
      "geometry": {
        "type": "Point",
        "coordinates": [
          6.630427570727384,
          46.52799664435776
        ]
      }
    },
    {
      "type": "Feature",
      "properties": {
        "id": "10824",
        "num": "76.0",
        "folio": "158",
        "parcel_id": "76",
        "merge_id": "158f76",
        "geom_id": "35331"
      },
      "geometry": {
        "type": "Point",
        "coordinates": [
          6.631756544245165,
          46.52977952971672
        ]
      }
    },
    {
      "type": "Feature",
      "properties": {
        "id": "10825",
        "num": "76.0",
        "folio": "160",
        "parcel_id": "76",
        "merge_id": "160f76",
        "geom_id": "35898"
      },
      "geometry": {
        "type": "Point",
        "coordinates": [
          6.628968528721178,
          46.52957306327277
        ]
      }
    },
    {
      "type": "Feature",
      "properties": {
        "id": "10864",
        "num": "77.0",
        "folio": "157",
        "parcel_id": "77",
        "merge_id": "157f77",
        "geom_id": "35086"
      },
      "geometry": {
        "type": "Point",
        "coordinates": [
          6.630063254605656,
          46.527745301177916
        ]
      }
    },
    {
      "type": "Feature",
      "properties": {
        "id": "10865",
        "num": "77.0",
        "folio": "158",
        "parcel_id": "77",
        "merge_id": "158f77",
        "geom_id": "35336"
      },
      "geometry": {
        "type": "Point",
        "coordinates": [
          6.631768858479437,
          46.529734018356955
        ]
      }
    },
    {
      "type": "Feature",
      "properties": {
        "id": "10866",
        "num": "77.0",
        "folio": "160",
        "parcel_id": "77",
        "merge_id": "160f77",
        "geom_id": "35894"
      },
      "geometry": {
        "type": "Point",
        "coordinates": [
          6.629011875098256,
          46.529612231243156
        ]
      }
    },
    {
      "type": "Feature",
      "properties": {
        "id": "10897",
        "num": "78.0",
        "folio": "27",
        "parcel_id": "78",
        "merge_id": "27f78",
        "geom_id": "14691"
      },
      "geometry": {
        "type": "Point",
        "coordinates": [
          6.630877680315264,
          46.52511462619367
        ]
      }
    },
    {
      "type": "Feature",
      "properties": {
        "id": "10907",
        "num": "78.0",
        "folio": "157",
        "parcel_id": "78",
        "merge_id": "157f78",
        "geom_id": "35050"
      },
      "geometry": {
        "type": "Point",
        "coordinates": [
          6.630751051039796,
          46.527789419444154
        ]
      }
    },
    {
      "type": "Feature",
      "properties": {
        "id": "10908",
        "num": "78.0",
        "folio": "158",
        "parcel_id": "78",
        "merge_id": "158f78",
        "geom_id": "35345"
      },
      "geometry": {
        "type": "Point",
        "coordinates": [
          6.631802400620215,
          46.52965825866391
        ]
      }
    },
    {
      "type": "Feature",
      "properties": {
        "id": "10909",
        "num": "78.0",
        "folio": "160",
        "parcel_id": "78",
        "merge_id": "160f78",
        "geom_id": "35893"
      },
      "geometry": {
        "type": "Point",
        "coordinates": [
          6.628923466942244,
          46.52964839832652
        ]
      }
    },
    {
      "type": "Feature",
      "properties": {
        "id": "10945",
        "num": "79.0",
        "folio": "157",
        "parcel_id": "79",
        "merge_id": "157f79",
        "geom_id": "35052"
      },
      "geometry": {
        "type": "Point",
        "coordinates": [
          6.63040280558033,
          46.527597787298234
        ]
      }
    },
    {
      "type": "Feature",
      "properties": {
        "id": "10946",
        "num": "79.0",
        "folio": "158",
        "parcel_id": "79",
        "merge_id": "158f79",
        "geom_id": "35292"
      },
      "geometry": {
        "type": "Point",
        "coordinates": [
          6.631490683990815,
          46.52982681707558
        ]
      }
    },
    {
      "type": "Feature",
      "properties": {
        "id": "10947",
        "num": "79.0",
        "folio": "160",
        "parcel_id": "79",
        "merge_id": "160f79",
        "geom_id": "35892"
      },
      "geometry": {
        "type": "Point",
        "coordinates": [
          6.628922734305331,
          46.52961188951183
        ]
      }
    },
    {
      "type": "Feature",
      "properties": {
        "id": "10974",
        "num": "80.0",
        "folio": "27",
        "parcel_id": "80",
        "merge_id": "27f80",
        "geom_id": "14670"
      },
      "geometry": {
        "type": "Point",
        "coordinates": [
          6.630931760844531,
          46.525223125941544
        ]
      }
    },
    {
      "type": "Feature",
      "properties": {
        "id": "10983",
        "num": "80.0",
        "folio": "157",
        "parcel_id": "80",
        "merge_id": "157f80",
        "geom_id": "34926"
      },
      "geometry": {
        "type": "Point",
        "coordinates": [
          6.630284473990425,
          46.528401757545204
        ]
      }
    },
    {
      "type": "Feature",
      "properties": {
        "id": "10984",
        "num": "80.0",
        "folio": "158",
        "parcel_id": "80",
        "merge_id": "158f80",
        "geom_id": "35367"
      },
      "geometry": {
        "type": "Point",
        "coordinates": [
          6.631541946285759,
          46.529159232103495
        ]
      }
    },
    {
      "type": "Feature",
      "properties": {
        "id": "10985",
        "num": "80.0",
        "folio": "160",
        "parcel_id": "80",
        "merge_id": "160f80",
        "geom_id": "35896"
      },
      "geometry": {
        "type": "Point",
        "coordinates": [
          6.628781814147439,
          46.529480471743646
        ]
      }
    },
    {
      "type": "Feature",
      "properties": {
        "id": "11010",
        "num": "81.0",
        "folio": "27",
        "parcel_id": "81",
        "merge_id": "27f81",
        "geom_id": "14686"
      },
      "geometry": {
        "type": "Point",
        "coordinates": [
          6.630940399879973,
          46.52517751331457
        ]
      }
    },
    {
      "type": "Feature",
      "properties": {
        "id": "11011",
        "num": "81.0",
        "folio": "28",
        "parcel_id": "81",
        "merge_id": "28f81",
        "geom_id": "15127"
      },
      "geometry": {
        "type": "Point",
        "coordinates": [
          6.631933785727708,
          46.524501597148706
        ]
      }
    },
    {
      "type": "Feature",
      "properties": {
        "id": "11019",
        "num": "81.0",
        "folio": "158",
        "parcel_id": "81",
        "merge_id": "158f81",
        "geom_id": "35365"
      },
      "geometry": {
        "type": "Point",
        "coordinates": [
          6.632382562774221,
          46.528454728108294
        ]
      }
    },
    {
      "type": "Feature",
      "properties": {
        "id": "11020",
        "num": "81.0",
        "folio": "160",
        "parcel_id": "81",
        "merge_id": "160f81",
        "geom_id": "35910"
      },
      "geometry": {
        "type": "Point",
        "coordinates": [
          6.629243902151412,
          46.52941341134327
        ]
      }
    },
    {
      "type": "Feature",
      "properties": {
        "id": "11044",
        "num": "82.0",
        "folio": "27",
        "parcel_id": "82",
        "merge_id": "27f82",
        "geom_id": "14704"
      },
      "geometry": {
        "type": "Point",
        "coordinates": [
          6.631005974430158,
          46.52504934097418
        ]
      }
    },
    {
      "type": "Feature",
      "properties": {
        "id": "11053",
        "num": "82.0",
        "folio": "158",
        "parcel_id": "82",
        "merge_id": "158f82",
        "geom_id": "35506"
      },
      "geometry": {
        "type": "Point",
        "coordinates": [
          6.632526499961127,
          46.52822058656308
        ]
      }
    },
    {
      "type": "Feature",
      "properties": {
        "id": "11054",
        "num": "82.0",
        "folio": "160",
        "parcel_id": "82",
        "merge_id": "160f82",
        "geom_id": "35914"
      },
      "geometry": {
        "type": "Point",
        "coordinates": [
          6.629418684050263,
          46.52939140172815
        ]
      }
    },
    {
      "type": "Feature",
      "properties": {
        "id": "11080",
        "num": "83.0",
        "folio": "28",
        "parcel_id": "83",
        "merge_id": "28f83",
        "geom_id": "15110"
      },
      "geometry": {
        "type": "Point",
        "coordinates": [
          6.631851057252642,
          46.52452828606359
        ]
      }
    },
    {
      "type": "Feature",
      "properties": {
        "id": "11088",
        "num": "83.0",
        "folio": "158",
        "parcel_id": "83",
        "merge_id": "158f83",
        "geom_id": "35498"
      },
      "geometry": {
        "type": "Point",
        "coordinates": [
          6.632213146263147,
          46.52802166242689
        ]
      }
    },
    {
      "type": "Feature",
      "properties": {
        "id": "11089",
        "num": "83.0",
        "folio": "160",
        "parcel_id": "83",
        "merge_id": "160f83",
        "geom_id": "35907"
      },
      "geometry": {
        "type": "Point",
        "coordinates": [
          6.62934288586376,
          46.52932609667594
        ]
      }
    },
    {
      "type": "Feature",
      "properties": {
        "id": "11122",
        "num": "84.0",
        "folio": "158",
        "parcel_id": "84",
        "merge_id": "158f84",
        "geom_id": "35517"
      },
      "geometry": {
        "type": "Point",
        "coordinates": [
          6.632519552824022,
          46.52795318563804
        ]
      }
    },
    {
      "type": "Feature",
      "properties": {
        "id": "11123",
        "num": "84.0",
        "folio": "160",
        "parcel_id": "84",
        "merge_id": "160f84",
        "geom_id": "35903"
      },
      "geometry": {
        "type": "Point",
        "coordinates": [
          6.629038807794295,
          46.529351893796935
        ]
      }
    },
    {
      "type": "Feature",
      "properties": {
        "id": "11145",
        "num": "85.0",
        "folio": "28",
        "parcel_id": "85",
        "merge_id": "28f85",
        "geom_id": "15105"
      },
      "geometry": {
        "type": "Point",
        "coordinates": [
          6.632095818931145,
          46.524512125727945
        ]
      }
    },
    {
      "type": "Feature",
      "properties": {
        "id": "11153",
        "num": "85.0",
        "folio": "158",
        "parcel_id": "85",
        "merge_id": "158f85",
        "geom_id": "35252"
      },
      "geometry": {
        "type": "Point",
        "coordinates": [
          6.630587836493996,
          46.530018134999196
        ]
      }
    },
    {
      "type": "Feature",
      "properties": {
        "id": "11154",
        "num": "85.0",
        "folio": "160",
        "parcel_id": "85",
        "merge_id": "160f85",
        "geom_id": "35859"
      },
      "geometry": {
        "type": "Point",
        "coordinates": [
          6.629600608898467,
          46.529832508393156
        ]
      }
    },
    {
      "type": "Feature",
      "properties": {
        "id": "11176",
        "num": "86.0",
        "folio": "28",
        "parcel_id": "86",
        "merge_id": "28f86",
        "geom_id": "15116"
      },
      "geometry": {
        "type": "Point",
        "coordinates": [
          6.632205148660504,
          46.524468293342515
        ]
      }
    },
    {
      "type": "Feature",
      "properties": {
        "id": "11183",
        "num": "86.0",
        "folio": "158",
        "parcel_id": "86",
        "merge_id": "158f86",
        "geom_id": "35258"
      },
      "geometry": {
        "type": "Point",
        "coordinates": [
          6.630705097731382,
          46.53001266075712
        ]
      }
    },
    {
      "type": "Feature",
      "properties": {
        "id": "11184",
        "num": "86.0",
        "folio": "160",
        "parcel_id": "86",
        "merge_id": "160f86",
        "geom_id": "35865"
      },
      "geometry": {
        "type": "Point",
        "coordinates": [
          6.629752172031601,
          46.52982299119391
        ]
      }
    },
    {
      "type": "Feature",
      "properties": {
        "id": "11213",
        "num": "87.0",
        "folio": "158",
        "parcel_id": "87",
        "merge_id": "158f87",
        "geom_id": "35257"
      },
      "geometry": {
        "type": "Point",
        "coordinates": [
          6.630696322414753,
          46.52990476681997
        ]
      }
    },
    {
      "type": "Feature",
      "properties": {
        "id": "11214",
        "num": "87.0",
        "folio": "160",
        "parcel_id": "87",
        "merge_id": "160f87",
        "geom_id": "35872"
      },
      "geometry": {
        "type": "Point",
        "coordinates": [
          6.629756750567293,
          46.52977356736884
        ]
      }
    },
    {
      "type": "Feature",
      "properties": {
        "id": "11234",
        "num": "88.0",
        "folio": "28",
        "parcel_id": "88",
        "merge_id": "28f88",
        "geom_id": "15079"
      },
      "geometry": {
        "type": "Point",
        "coordinates": [
          6.632202957624961,
          46.524642738164616
        ]
      }
    },
    {
      "type": "Feature",
      "properties": {
        "id": "11240",
        "num": "88.0",
        "folio": "158",
        "parcel_id": "88",
        "merge_id": "158f88",
        "geom_id": "35253"
      },
      "geometry": {
        "type": "Point",
        "coordinates": [
          6.630830235763835,
          46.5300362078366
        ]
      }
    },
    {
      "type": "Feature",
      "properties": {
        "id": "11241",
        "num": "88.0",
        "folio": "160",
        "parcel_id": "88",
        "merge_id": "160f88",
        "geom_id": "35843"
      },
      "geometry": {
        "type": "Point",
        "coordinates": [
          6.629275639803716,
          46.529601160192485
        ]
      }
    },
    {
      "type": "Feature",
      "properties": {
        "id": "11267",
        "num": "89.0",
        "folio": "158",
        "parcel_id": "89",
        "merge_id": "158f89",
        "geom_id": "35299"
      },
      "geometry": {
        "type": "Point",
        "coordinates": [
          6.630877503983735,
          46.52987623111554
        ]
      }
    },
    {
      "type": "Feature",
      "properties": {
        "id": "11268",
        "num": "89.0",
        "folio": "160",
        "parcel_id": "89",
        "merge_id": "160f89",
        "geom_id": "35911"
      },
      "geometry": {
        "type": "Point",
        "coordinates": [
          6.62948308180444,
          46.529448971448886
        ]
      }
    },
    {
      "type": "Feature",
      "properties": {
        "id": "11287",
        "num": "90.0",
        "folio": "28",
        "parcel_id": "90",
        "merge_id": "28f90",
        "geom_id": "2612"
      },
      "geometry": {
        "type": "Point",
        "coordinates": [
          6.63271265257646,
          46.524527590609736
        ]
      }
    },
    {
      "type": "Feature",
      "properties": {
        "id": "11292",
        "num": "90.0",
        "folio": "158",
        "parcel_id": "90",
        "merge_id": "158f90",
        "geom_id": "35259"
      },
      "geometry": {
        "type": "Point",
        "coordinates": [
          6.630870979799819,
          46.52995132253887
        ]
      }
    },
    {
      "type": "Feature",
      "properties": {
        "id": "11293",
        "num": "90.0",
        "folio": "160",
        "parcel_id": "90",
        "merge_id": "160f90",
        "geom_id": "35824"
      },
      "geometry": {
        "type": "Point",
        "coordinates": [
          6.629714891897489,
          46.53003438645558
        ]
      }
    },
    {
      "type": "Feature",
      "properties": {
        "id": "11314",
        "num": "91.0",
        "folio": "28",
        "parcel_id": "91",
        "merge_id": "28f91",
        "geom_id": "2566"
      },
      "geometry": {
        "type": "Point",
        "coordinates": [
          6.63284895766782,
          46.52466238753741
        ]
      }
    },
    {
      "type": "Feature",
      "properties": {
        "id": "11319",
        "num": "91.0",
        "folio": "158",
        "parcel_id": "91",
        "merge_id": "158f91",
        "geom_id": "35251"
      },
      "geometry": {
        "type": "Point",
        "coordinates": [
          6.630939337704254,
          46.529965001321656
        ]
      }
    },
    {
      "type": "Feature",
      "properties": {
        "id": "11320",
        "num": "91.1",
        "folio": "160",
        "parcel_id": "91-1",
        "merge_id": "160f91-1",
        "geom_id": "35878"
      },
      "geometry": {
        "type": "Point",
        "coordinates": [
          6.62938503957848,
          46.52923051996944
        ]
      }
    },
    {
      "type": "Feature",
      "properties": {
        "id": "11339",
        "num": "92.0",
        "folio": "28",
        "parcel_id": "92",
        "merge_id": "28f92",
        "geom_id": "2558"
      },
      "geometry": {
        "type": "Point",
        "coordinates": [
          6.632910675077204,
          46.52471965335694
        ]
      }
    },
    {
      "type": "Feature",
      "properties": {
        "id": "11344",
        "num": "92.0",
        "folio": "158",
        "parcel_id": "92",
        "merge_id": "158f92",
        "geom_id": "35333"
      },
      "geometry": {
        "type": "Point",
        "coordinates": [
          6.630777840585278,
          46.529732989017866
        ]
      }
    },
    {
      "type": "Feature",
      "properties": {
        "id": "11345",
        "num": "92.0",
        "folio": "160",
        "parcel_id": "92",
        "merge_id": "160f92",
        "geom_id": "35860"
      },
      "geometry": {
        "type": "Point",
        "coordinates": [
          6.629903721140406,
          46.52984291206479
        ]
      }
    },
    {
      "type": "Feature",
      "properties": {
        "id": "11364",
        "num": "93.0",
        "folio": "28",
        "parcel_id": "93",
        "merge_id": "28f93",
        "geom_id": "2533"
      },
      "geometry": {
        "type": "Point",
        "coordinates": [
          6.632948777626433,
          46.52475941905686
        ]
      }
    },
    {
      "type": "Feature",
      "properties": {
        "id": "11369",
        "num": "93.0",
        "folio": "158",
        "parcel_id": "93",
        "merge_id": "158f93",
        "geom_id": "35313"
      },
      "geometry": {
        "type": "Point",
        "coordinates": [
          6.630857368357852,
          46.52983335668447
        ]
      }
    },
    {
      "type": "Feature",
      "properties": {
        "id": "11370",
        "num": "93.0",
        "folio": "160",
        "parcel_id": "93",
        "merge_id": "160f93",
        "geom_id": "35866"
      },
      "geometry": {
        "type": "Point",
        "coordinates": [
          6.62986750095239,
          46.52981203798183
        ]
      }
    },
    {
      "type": "Feature",
      "properties": {
        "id": "11390",
        "num": "94.0",
        "folio": "28",
        "parcel_id": "94",
        "merge_id": "28f94",
        "geom_id": "15048"
      },
      "geometry": {
        "type": "Point",
        "coordinates": [
          6.63265699263238,
          46.52470527310472
        ]
      }
    },
    {
      "type": "Feature",
      "properties": {
        "id": "11394",
        "num": "94.0",
        "folio": "158",
        "parcel_id": "94",
        "merge_id": "158f94",
        "geom_id": "35306"
      },
      "geometry": {
        "type": "Point",
        "coordinates": [
          6.630901976955976,
          46.52960109100481
        ]
      }
    },
    {
      "type": "Feature",
      "properties": {
        "id": "11395",
        "num": "94.0",
        "folio": "160",
        "parcel_id": "94",
        "merge_id": "160f94",
        "geom_id": "35771"
      },
      "geometry": {
        "type": "Point",
        "coordinates": [
          6.629164404845968,
          46.53059185111131
        ]
      }
    },
    {
      "type": "Feature",
      "properties": {
        "id": "11414",
        "num": "95.0",
        "folio": "28",
        "parcel_id": "95",
        "merge_id": "28f95",
        "geom_id": "15045"
      },
      "geometry": {
        "type": "Point",
        "coordinates": [
          6.632277065919943,
          46.524752373700764
        ]
      }
    },
    {
      "type": "Feature",
      "properties": {
        "id": "11418",
        "num": "95.0",
        "folio": "158",
        "parcel_id": "95",
        "merge_id": "158f95",
        "geom_id": "35305"
      },
      "geometry": {
        "type": "Point",
        "coordinates": [
          6.630999788461422,
          46.52931213366175
        ]
      }
    },
    {
      "type": "Feature",
      "properties": {
        "id": "11419",
        "num": "95.0",
        "folio": "160",
        "parcel_id": "95",
        "merge_id": "160f95",
        "geom_id": "35795"
      },
      "geometry": {
        "type": "Point",
        "coordinates": [
          6.629461707509197,
          46.530506245390235
        ]
      }
    },
    {
      "type": "Feature",
      "properties": {
        "id": "11441",
        "num": "96.0",
        "folio": "28",
        "parcel_id": "96",
        "merge_id": "28f96",
        "geom_id": "15028"
      },
      "geometry": {
        "type": "Point",
        "coordinates": [
          6.632404149259759,
          46.52487062564829
        ]
      }
    },
    {
      "type": "Feature",
      "properties": {
        "id": "11445",
        "num": "96.0",
        "folio": "158",
        "parcel_id": "96",
        "merge_id": "158f96",
        "geom_id": "35332"
      },
      "geometry": {
        "type": "Point",
        "coordinates": [
          6.630654872124616,
          46.529592161942034
        ]
      }
    },
    {
      "type": "Feature",
      "properties": {
        "id": "11446",
        "num": "96.0",
        "folio": "160",
        "parcel_id": "96",
        "merge_id": "160f96",
        "geom_id": "35787"
      },
      "geometry": {
        "type": "Point",
        "coordinates": [
          6.629550816102586,
          46.530594312808056
        ]
      }
    },
    {
      "type": "Feature",
      "properties": {
        "id": "11466",
        "num": "97.0",
        "folio": "28",
        "parcel_id": "97",
        "merge_id": "28f97",
        "geom_id": "15040"
      },
      "geometry": {
        "type": "Point",
        "coordinates": [
          6.632502829060477,
          46.524850868972244
        ]
      }
    },
    {
      "type": "Feature",
      "properties": {
        "id": "11470",
        "num": "97.0",
        "folio": "158",
        "parcel_id": "97",
        "merge_id": "158f97",
        "geom_id": "35369"
      },
      "geometry": {
        "type": "Point",
        "coordinates": [
          6.630691253230907,
          46.52935438881747
        ]
      }
    },
    {
      "type": "Feature",
      "properties": {
        "id": "11471",
        "num": "97.0",
        "folio": "160",
        "parcel_id": "97",
        "merge_id": "160f97",
        "geom_id": "35763"
      },
      "geometry": {
        "type": "Point",
        "coordinates": [
          6.629371513379502,
          46.53077555200535
        ]
      }
    },
    {
      "type": "Feature",
      "properties": {
        "id": "11491",
        "num": "98.0",
        "folio": "28",
        "parcel_id": "98",
        "merge_id": "28f98",
        "geom_id": "15064"
      },
      "geometry": {
        "type": "Point",
        "coordinates": [
          6.632474633901428,
          46.52475406189611
        ]
      }
    },
    {
      "type": "Feature",
      "properties": {
        "id": "11495",
        "num": "98.0",
        "folio": "158",
        "parcel_id": "98",
        "merge_id": "158f98",
        "geom_id": "35360"
      },
      "geometry": {
        "type": "Point",
        "coordinates": [
          6.630676946168757,
          46.529421968381264
        ]
      }
    },
    {
      "type": "Feature",
      "properties": {
        "id": "11496",
        "num": "98.0",
        "folio": "160",
        "parcel_id": "98",
        "merge_id": "160f98",
        "geom_id": "35810"
      },
      "geometry": {
        "type": "Point",
        "coordinates": [
          6.627177125182603,
          46.53010988017361
        ]
      }
    },
    {
      "type": "Feature",
      "properties": {
        "id": "11515",
        "num": "99.0",
        "folio": "28",
        "parcel_id": "99",
        "merge_id": "28f99",
        "geom_id": "15037"
      },
      "geometry": {
        "type": "Point",
        "coordinates": [
          6.632522032452211,
          46.524943350088925
        ]
      }
    },
    {
      "type": "Feature",
      "properties": {
        "id": "11518",
        "num": "99.0",
        "folio": "158",
        "parcel_id": "99",
        "merge_id": "158f99",
        "geom_id": "35357"
      },
      "geometry": {
        "type": "Point",
        "coordinates": [
          6.630645664347003,
          46.52948541206102
        ]
      }
    },
    {
      "type": "Feature",
      "properties": {
        "id": "11538",
        "num": "100.0",
        "folio": "28",
        "parcel_id": "100",
        "merge_id": "28f100",
        "geom_id": "15042"
      },
      "geometry": {
        "type": "Point",
        "coordinates": [
          6.632387842742776,
          46.524915119344264
        ]
      }
    },
    {
      "type": "Feature",
      "properties": {
        "id": "11542",
        "num": "100.0",
        "folio": "158",
        "parcel_id": "100",
        "merge_id": "158f100",
        "geom_id": "35356"
      },
      "geometry": {
        "type": "Point",
        "coordinates": [
          6.630570262273839,
          46.52938708112182
        ]
      }
    },
    {
      "type": "Feature",
      "properties": {
        "id": "11560",
        "num": "101.0",
        "folio": "28",
        "parcel_id": "101",
        "merge_id": "28f101",
        "geom_id": "15024"
      },
      "geometry": {
        "type": "Point",
        "coordinates": [
          6.632657140067967,
          46.52502045883309
        ]
      }
    },
    {
      "type": "Feature",
      "properties": {
        "id": "11564",
        "num": "101.0",
        "folio": "158",
        "parcel_id": "101",
        "merge_id": "158f101",
        "geom_id": "35249"
      },
      "geometry": {
        "type": "Point",
        "coordinates": [
          6.631278236417522,
          46.53008786333673
        ]
      }
    },
    {
      "type": "Feature",
      "properties": {
        "id": "11582",
        "num": "102.0",
        "folio": "28",
        "parcel_id": "102",
        "merge_id": "28f102",
        "geom_id": "15007"
      },
      "geometry": {
        "type": "Point",
        "coordinates": [
          6.63275320356648,
          46.52506575082239
        ]
      }
    },
    {
      "type": "Feature",
      "properties": {
        "id": "11586",
        "num": "102.0",
        "folio": "158",
        "parcel_id": "102",
        "merge_id": "158f102",
        "geom_id": "35254"
      },
      "geometry": {
        "type": "Point",
        "coordinates": [
          6.631346397503548,
          46.52969745935288
        ]
      }
    },
    {
      "type": "Feature",
      "properties": {
        "id": "11604",
        "num": "103.0",
        "folio": "28",
        "parcel_id": "103",
        "merge_id": "28f103",
        "geom_id": "14983"
      },
      "geometry": {
        "type": "Point",
        "coordinates": [
          6.632895127374169,
          46.52501703481862
        ]
      }
    },
    {
      "type": "Feature",
      "properties": {
        "id": "11608",
        "num": "103.0",
        "folio": "158",
        "parcel_id": "103",
        "merge_id": "158f103",
        "geom_id": "35367"
      },
      "geometry": {
        "type": "Point",
        "coordinates": [
          6.631683200770401,
          46.52912571019211
        ]
      }
    },
    {
      "type": "Feature",
      "properties": {
        "id": "11629",
        "num": "104.0",
        "folio": "158",
        "parcel_id": "104",
        "merge_id": "158f104",
        "geom_id": "35482"
      },
      "geometry": {
        "type": "Point",
        "coordinates": [
          6.631001164893513,
          46.528385825403866
        ]
      }
    },
    {
      "type": "Feature",
      "properties": {
        "id": "11649",
        "num": "105.0",
        "folio": "158",
        "parcel_id": "105",
        "merge_id": "158f105",
        "geom_id": "35478"
      },
      "geometry": {
        "type": "Point",
        "coordinates": [
          6.631243125019577,
          46.52804340456773
        ]
      }
    },
    {
      "type": "Feature",
      "properties": {
        "id": "11669",
        "num": "106.0",
        "folio": "158",
        "parcel_id": "106",
        "merge_id": "158f106",
        "geom_id": "35478"
      },
      "geometry": {
        "type": "Point",
        "coordinates": [
          6.631631787302674,
          46.52811643223041
        ]
      }
    },
    {
      "type": "Feature",
      "properties": {
        "id": "11690",
        "num": "107.0",
        "folio": "158",
        "parcel_id": "107",
        "merge_id": "158f107",
        "geom_id": "35477"
      },
      "geometry": {
        "type": "Point",
        "coordinates": [
          6.631925204917595,
          46.528195664242844
        ]
      }
    },
    {
      "type": "Feature",
      "properties": {
        "id": "11710",
        "num": "108.0",
        "folio": "158",
        "parcel_id": "108",
        "merge_id": "158f108",
        "geom_id": "35498"
      },
      "geometry": {
        "type": "Point",
        "coordinates": [
          6.632267322995363,
          46.52799075017353
        ]
      }
    },
    {
      "type": "Feature",
      "properties": {
        "id": "11730",
        "num": "109.0",
        "folio": "158",
        "parcel_id": "109",
        "merge_id": "158f109",
        "geom_id": "35270"
      },
      "geometry": {
        "type": "Point",
        "coordinates": [
          6.6301174064243,
          46.52991039370982
        ]
      }
    },
    {
      "type": "Feature",
      "properties": {
        "id": "11750",
        "num": "110.0",
        "folio": "158",
        "parcel_id": "110",
        "merge_id": "158f110",
        "geom_id": "35322"
      },
      "geometry": {
        "type": "Point",
        "coordinates": [
          6.630210992037097,
          46.52976537337128
        ]
      }
    },
    {
      "type": "Feature",
      "properties": {
        "id": "11769",
        "num": "111.0",
        "folio": "158",
        "parcel_id": "111",
        "merge_id": "158f111",
        "geom_id": "35335"
      },
      "geometry": {
        "type": "Point",
        "coordinates": [
          6.630481349724152,
          46.5296365250585
        ]
      }
    },
    {
      "type": "Feature",
      "properties": {
        "id": "12913",
        "num": "1.0",
        "folio": "129",
        "parcel_id": "1",
        "merge_id": "129f1",
        "geom_id": "29819"
      },
      "geometry": {
        "type": "Point",
        "coordinates": [
          6.611295575090686,
          46.52866674343266
        ]
      }
    },
    {
      "type": "Feature",
      "properties": {
        "id": "12915",
        "num": "1.0",
        "folio": "132",
        "parcel_id": "1",
        "merge_id": "132f1",
        "geom_id": "49447"
      },
      "geometry": {
        "type": "Point",
        "coordinates": [
          6.611428288374117,
          46.526261416831474
        ]
      }
    },
    {
      "type": "Feature",
      "properties": {
        "id": "12955",
        "num": "10.0",
        "folio": "159",
        "parcel_id": "10",
        "merge_id": "159f10",
        "geom_id": "35611"
      },
      "geometry": {
        "type": "Point",
        "coordinates": [
          6.63076113446625,
          46.53042869683228
        ]
      }
    },
    {
      "type": "Feature",
      "properties": {
        "id": "12989",
        "num": "11.0",
        "folio": "160",
        "parcel_id": "11",
        "merge_id": "160f11",
        "geom_id": "35810"
      },
      "geometry": {
        "type": "Point",
        "coordinates": [
          6.627135359347397,
          46.5301386275853
        ]
      }
    },
    {
      "type": "Feature",
      "properties": {
        "id": "13011",
        "num": "12.0",
        "folio": "131",
        "parcel_id": "12",
        "merge_id": "131f12",
        "geom_id": "30098"
      },
      "geometry": {
        "type": "Point",
        "coordinates": [
          6.6107627594063,
          46.52713537699733
        ]
      }
    },
    {
      "type": "Feature",
      "properties": {
        "id": "13048",
        "num": "13.0",
        "folio": "176",
        "parcel_id": "13",
        "merge_id": "176f13",
        "geom_id": "37554"
      },
      "geometry": {
        "type": "Point",
        "coordinates": [
          6.628642227291902,
          46.531569348517
        ]
      }
    },
    {
      "type": "Feature",
      "properties": {
        "id": "13074",
        "num": "14.0",
        "folio": "159",
        "parcel_id": "14",
        "merge_id": "159f14",
        "geom_id": "35564"
      },
      "geometry": {
        "type": "Point",
        "coordinates": [
          6.629736196124626,
          46.53102573459408
        ]
      }
    },
    {
      "type": "Feature",
      "properties": {
        "id": "13075",
        "num": "14.0",
        "folio": "161",
        "parcel_id": "14",
        "merge_id": "161f14",
        "geom_id": "35990"
      },
      "geometry": {
        "type": "Point",
        "coordinates": [
          6.627528884486011,
          46.5285210071651
        ]
      }
    },
    {
      "type": "Feature",
      "properties": {
        "id": "13096",
        "num": "15.0",
        "folio": "176",
        "parcel_id": "15",
        "merge_id": "176f15",
        "geom_id": "37547"
      },
      "geometry": {
        "type": "Point",
        "coordinates": [
          6.628652086214564,
          46.53161597067412
        ]
      }
    },
    {
      "type": "Feature",
      "properties": {
        "id": "13142",
        "num": "17.0",
        "folio": "131",
        "parcel_id": "17",
        "merge_id": "131f17",
        "geom_id": "30134"
      },
      "geometry": {
        "type": "Point",
        "coordinates": [
          6.610909902639971,
          46.52680182195292
        ]
      }
    },
    {
      "type": "Feature",
      "properties": {
        "id": "13149",
        "num": "17.0",
        "folio": "158",
        "parcel_id": "17",
        "merge_id": "158f17",
        "geom_id": "35252"
      },
      "geometry": {
        "type": "Point",
        "coordinates": [
          6.630700772637256,
          46.53003966828028
        ]
      }
    },
    {
      "type": "Feature",
      "properties": {
        "id": "13150",
        "num": "17.0",
        "folio": "161",
        "parcel_id": "17",
        "merge_id": "161f17",
        "geom_id": "35949"
      },
      "geometry": {
        "type": "Point",
        "coordinates": [
          6.62864505231043,
          46.52913765005782
        ]
      }
    },
    {
      "type": "Feature",
      "properties": {
        "id": "13176",
        "num": "18.0",
        "folio": "158",
        "parcel_id": "18",
        "merge_id": "158f18",
        "geom_id": "35257"
      },
      "geometry": {
        "type": "Point",
        "coordinates": [
          6.630746301044696,
          46.52995776043989
        ]
      }
    },
    {
      "type": "Feature",
      "properties": {
        "id": "13177",
        "num": "18.0",
        "folio": "176",
        "parcel_id": "18",
        "merge_id": "176f18",
        "geom_id": "35710"
      },
      "geometry": {
        "type": "Point",
        "coordinates": [
          6.628721542144091,
          46.53147288507913
        ]
      }
    },
    {
      "type": "Feature",
      "properties": {
        "id": "13220",
        "num": "19.0",
        "folio": "158",
        "parcel_id": "19",
        "merge_id": "158f19",
        "geom_id": "35306"
      },
      "geometry": {
        "type": "Point",
        "coordinates": [
          6.630769183740532,
          46.52960673026701
        ]
      }
    },
    {
      "type": "Feature",
      "properties": {
        "id": "13226",
        "num": "19.0",
        "folio": "176",
        "parcel_id": "19",
        "merge_id": "176f19",
        "geom_id": "37550"
      },
      "geometry": {
        "type": "Point",
        "coordinates": [
          6.628873520792173,
          46.53159528729378
        ]
      }
    },
    {
      "type": "Feature",
      "properties": {
        "id": "13262",
        "num": "2.0",
        "folio": "131",
        "parcel_id": "2",
        "merge_id": "131f2",
        "geom_id": "30125"
      },
      "geometry": {
        "type": "Point",
        "coordinates": [
          6.613264674656574,
          46.5267273525523
        ]
      }
    },
    {
      "type": "Feature",
      "properties": {
        "id": "13342",
        "num": "21.2",
        "folio": "158",
        "parcel_id": "21-2",
        "merge_id": "158f21-2",
        "geom_id": "35335"
      },
      "geometry": {
        "type": "Point",
        "coordinates": [
          6.630461301763418,
          46.529715565752376
        ]
      }
    },
    {
      "type": "Feature",
      "properties": {
        "id": "13349",
        "num": "22.0",
        "folio": "130",
        "parcel_id": "22",
        "merge_id": "130f22",
        "geom_id": "30001"
      },
      "geometry": {
        "type": "Point",
        "coordinates": [
          6.614240225397578,
          46.52736110279952
        ]
      }
    },
    {
      "type": "Feature",
      "properties": {
        "id": "13390",
        "num": "24.0",
        "folio": "128",
        "parcel_id": "24",
        "merge_id": "128f24",
        "geom_id": "29758"
      },
      "geometry": {
        "type": "Point",
        "coordinates": [
          6.610230331410597,
          46.528466686853655
        ]
      }
    },
    {
      "type": "Feature",
      "properties": {
        "id": "13394",
        "num": "24.0",
        "folio": "156",
        "parcel_id": "24",
        "merge_id": "156f24",
        "geom_id": "34809"
      },
      "geometry": {
        "type": "Point",
        "coordinates": [
          6.627723935856755,
          46.52751998718032
        ]
      }
    },
    {
      "type": "Feature",
      "properties": {
        "id": "13408",
        "num": "25.0",
        "folio": "128",
        "parcel_id": "25",
        "merge_id": "128f25",
        "geom_id": "29690"
      },
      "geometry": {
        "type": "Point",
        "coordinates": [
          6.609997392366386,
          46.5292934688625
        ]
      }
    },
    {
      "type": "Feature",
      "properties": {
        "id": "13410",
        "num": "25.0",
        "folio": "156",
        "parcel_id": "25",
        "merge_id": "156f25",
        "geom_id": "34807"
      },
      "geometry": {
        "type": "Point",
        "coordinates": [
          6.62775379885468,
          46.52753298931142
        ]
      }
    },
    {
      "type": "Feature",
      "properties": {
        "id": "13426",
        "num": "26.0",
        "folio": "130",
        "parcel_id": "26",
        "merge_id": "130f26",
        "geom_id": "30038"
      },
      "geometry": {
        "type": "Point",
        "coordinates": [
          6.614803555628789,
          46.52676248731467
        ]
      }
    },
    {
      "type": "Feature",
      "properties": {
        "id": "13427",
        "num": "26.0",
        "folio": "133",
        "parcel_id": "26",
        "merge_id": "133f26",
        "geom_id": "30213"
      },
      "geometry": {
        "type": "Point",
        "coordinates": [
          6.614762388620538,
          46.525944759718925
        ]
      }
    },
    {
      "type": "Feature",
      "properties": {
        "id": "13453",
        "num": "27.0",
        "folio": "129",
        "parcel_id": "27",
        "merge_id": "129f27",
        "geom_id": "29756"
      },
      "geometry": {
        "type": "Point",
        "coordinates": [
          6.612581214136497,
          46.527717940201335
        ]
      }
    },
    {
      "type": "Feature",
      "properties": {
        "id": "13507",
        "num": "29.0",
        "folio": "158",
        "parcel_id": "29",
        "merge_id": "158f29",
        "geom_id": "35405"
      },
      "geometry": {
        "type": "Point",
        "coordinates": [
          6.630087570786473,
          46.52905059378826
        ]
      }
    },
    {
      "type": "Feature",
      "properties": {
        "id": "13542",
        "num": "3.0",
        "folio": "132",
        "parcel_id": "3",
        "merge_id": "132f3",
        "geom_id": "29587"
      },
      "geometry": {
        "type": "Point",
        "coordinates": [
          6.611220089661563,
          46.52613844258053
        ]
      }
    },
    {
      "type": "Feature",
      "properties": {
        "id": "13544",
        "num": "3.0",
        "folio": "158",
        "parcel_id": "3",
        "merge_id": "158f3",
        "geom_id": "35270"
      },
      "geometry": {
        "type": "Point",
        "coordinates": [
          6.630152824188379,
          46.52992151091753
        ]
      }
    },
    {
      "type": "Feature",
      "properties": {
        "id": "13559",
        "num": "31.0",
        "folio": "156",
        "parcel_id": "31",
        "merge_id": "156f31",
        "geom_id": "34828"
      },
      "geometry": {
        "type": "Point",
        "coordinates": [
          6.627992427600363,
          46.52739458729052
        ]
      }
    },
    {
      "type": "Feature",
      "properties": {
        "id": "13571",
        "num": "32.1",
        "folio": "176",
        "parcel_id": "32-1",
        "merge_id": "176f32-1",
        "geom_id": "37530"
      },
      "geometry": {
        "type": "Point",
        "coordinates": [
          6.629903915630012,
          46.53188026275964
        ]
      }
    },
    {
      "type": "Feature",
      "properties": {
        "id": "13608",
        "num": "37.1",
        "folio": "156",
        "parcel_id": "37-1",
        "merge_id": "156f37-1",
        "geom_id": "34839"
      },
      "geometry": {
        "type": "Point",
        "coordinates": [
          6.627832808006596,
          46.52695976783489
        ]
      }
    },
    {
      "type": "Feature",
      "properties": {
        "id": "13626",
        "num": "39.0",
        "folio": "157",
        "parcel_id": "39",
        "merge_id": "157f39",
        "geom_id": "35000"
      },
      "geometry": {
        "type": "Point",
        "coordinates": [
          6.629454051212274,
          46.52800637384405
        ]
      }
    },
    {
      "type": "Feature",
      "properties": {
        "id": "13627",
        "num": "39.0",
        "folio": "158",
        "parcel_id": "39",
        "merge_id": "158f39",
        "geom_id": "35407"
      },
      "geometry": {
        "type": "Point",
        "coordinates": [
          6.630299114222713,
          46.52902716431913
        ]
      }
    },
    {
      "type": "Feature",
      "properties": {
        "id": "13644",
        "num": "4.0",
        "folio": "129",
        "parcel_id": "4",
        "merge_id": "129f4",
        "geom_id": "29866"
      },
      "geometry": {
        "type": "Point",
        "coordinates": [
          6.612336415836748,
          46.52794729442319
        ]
      }
    },
    {
      "type": "Feature",
      "properties": {
        "id": "13664",
        "num": "44.0",
        "folio": "160",
        "parcel_id": "44",
        "merge_id": "160f44",
        "geom_id": "35771"
      },
      "geometry": {
        "type": "Point",
        "coordinates": [
          6.628692634580914,
          46.530551929321305
        ]
      }
    },
    {
      "type": "Feature",
      "properties": {
        "id": "13665",
        "num": "44.0",
        "folio": "176",
        "parcel_id": "44",
        "merge_id": "176f44",
        "geom_id": "37550"
      },
      "geometry": {
        "type": "Point",
        "coordinates": [
          6.628871587285277,
          46.53156774722715
        ]
      }
    },
    {
      "type": "Feature",
      "properties": {
        "id": "13689",
        "num": "49.0",
        "folio": "158",
        "parcel_id": "49",
        "merge_id": "158f49",
        "geom_id": "35391"
      },
      "geometry": {
        "type": "Point",
        "coordinates": [
          6.630787385192596,
          46.52913721700679
        ]
      }
    },
    {
      "type": "Feature",
      "properties": {
        "id": "13702",
        "num": "5.0",
        "folio": "132",
        "parcel_id": "5",
        "merge_id": "132f5",
        "geom_id": "49426"
      },
      "geometry": {
        "type": "Point",
        "coordinates": [
          6.611373415869403,
          46.52577586482624
        ]
      }
    },
    {
      "type": "Feature",
      "properties": {
        "id": "13717",
        "num": "53.0",
        "folio": "160",
        "parcel_id": "53",
        "merge_id": "160f53",
        "geom_id": "35763"
      },
      "geometry": {
        "type": "Point",
        "coordinates": [
          6.629266931571641,
          46.53082755579073
        ]
      }
    },
    {
      "type": "Feature",
      "properties": {
        "id": "13721",
        "num": "54.0",
        "folio": "160",
        "parcel_id": "54",
        "merge_id": "160f54",
        "geom_id": "35791"
      },
      "geometry": {
        "type": "Point",
        "coordinates": [
          6.629502468868683,
          46.5305462654217
        ]
      }
    },
    {
      "type": "Feature",
      "properties": {
        "id": "13737",
        "num": "6.0",
        "folio": "132",
        "parcel_id": "6",
        "merge_id": "132f6",
        "geom_id": "49425"
      },
      "geometry": {
        "type": "Point",
        "coordinates": [
          6.611313930666389,
          46.52580495132388
        ]
      }
    },
    {
      "type": "Feature",
      "properties": {
        "id": "13751",
        "num": "67.2",
        "folio": "160",
        "parcel_id": "67-2",
        "merge_id": "160f67-2",
        "geom_id": "35829"
      },
      "geometry": {
        "type": "Point",
        "coordinates": [
          6.628798291980225,
          46.52956243627489
        ]
      }
    },
    {
      "type": "Feature",
      "properties": {
        "id": "13753",
        "num": "68.0",
        "folio": "158",
        "parcel_id": "68",
        "merge_id": "158f68",
        "geom_id": "35482"
      },
      "geometry": {
        "type": "Point",
        "coordinates": [
          6.630867006166961,
          46.52835702488938
        ]
      }
    },
    {
      "type": "Feature",
      "properties": {
        "id": "13754",
        "num": "69.0",
        "folio": "157",
        "parcel_id": "69",
        "merge_id": "157f69",
        "geom_id": "35203"
      },
      "geometry": {
        "type": "Point",
        "coordinates": [
          6.630634352417542,
          46.526891086019745
        ]
      }
    },
    {
      "type": "Feature",
      "properties": {
        "id": "13755",
        "num": "69.0",
        "folio": "158",
        "parcel_id": "69",
        "merge_id": "158f69",
        "geom_id": "35374"
      },
      "geometry": {
        "type": "Point",
        "coordinates": [
          6.63098761749409,
          46.529179906954326
        ]
      }
    },
    {
      "type": "Feature",
      "properties": {
        "id": "13772",
        "num": "7.0",
        "folio": "132",
        "parcel_id": "7",
        "merge_id": "132f7",
        "geom_id": "49420"
      },
      "geometry": {
        "type": "Point",
        "coordinates": [
          6.611379158036099,
          46.52584568800778
        ]
      }
    },
    {
      "type": "Feature",
      "properties": {
        "id": "13773",
        "num": "7.0",
        "folio": "133",
        "parcel_id": "7",
        "merge_id": "133f7",
        "geom_id": "30187"
      },
      "geometry": {
        "type": "Point",
        "coordinates": [
          6.612135948479438,
          46.525751730492196
        ]
      }
    },
    {
      "type": "Feature",
      "properties": {
        "id": "13789",
        "num": "70.0",
        "folio": "158",
        "parcel_id": "70",
        "merge_id": "158f70",
        "geom_id": "35478"
      },
      "geometry": {
        "type": "Point",
        "coordinates": [
          6.630952370524687,
          46.52825729171867
        ]
      }
    },
    {
      "type": "Feature",
      "properties": {
        "id": "13796",
        "num": "74.0",
        "folio": "158",
        "parcel_id": "74",
        "merge_id": "158f74",
        "geom_id": "35292"
      },
      "geometry": {
        "type": "Point",
        "coordinates": [
          6.63149067080928,
          46.52982679646193
        ]
      }
    },
    {
      "type": "Feature",
      "properties": {
        "id": "13798",
        "num": "75.0",
        "folio": "158",
        "parcel_id": "75",
        "merge_id": "158f75",
        "geom_id": "35367"
      },
      "geometry": {
        "type": "Point",
        "coordinates": [
          6.63154193310385,
          46.52915921149046
        ]
      }
    },
    {
      "type": "Feature",
      "properties": {
        "id": "13803",
        "num": "77.0",
        "folio": "157",
        "parcel_id": "77",
        "merge_id": "157f77",
        "geom_id": "35086"
      },
      "geometry": {
        "type": "Point",
        "coordinates": [
          6.630063241426533,
          46.52774528056564
        ]
      }
    },
    {
      "type": "Feature",
      "properties": {
        "id": "13806",
        "num": "78.0",
        "folio": "158",
        "parcel_id": "78",
        "merge_id": "158f78",
        "geom_id": "35498"
      },
      "geometry": {
        "type": "Point",
        "coordinates": [
          6.632213133079271,
          46.52802164181518
        ]
      }
    },
    {
      "type": "Feature",
      "properties": {
        "id": "13807",
        "num": "78.1",
        "folio": "157",
        "parcel_id": "78-1",
        "merge_id": "157f78-1",
        "geom_id": "35050"
      },
      "geometry": {
        "type": "Point",
        "coordinates": [
          6.630751037859136,
          46.52778939883217
        ]
      }
    },
    {
      "type": "Feature",
      "properties": {
        "id": "13810",
        "num": "79.0",
        "folio": "158",
        "parcel_id": "79",
        "merge_id": "158f79",
        "geom_id": "35517"
      },
      "geometry": {
        "type": "Point",
        "coordinates": [
          6.632519539639425,
          46.527953165026574
        ]
      }
    },
    {
      "type": "Feature",
      "properties": {
        "id": "13846",
        "num": "9.0",
        "folio": "132",
        "parcel_id": "9",
        "merge_id": "132f9",
        "geom_id": "49440"
      },
      "geometry": {
        "type": "Point",
        "coordinates": [
          6.610152786070416,
          46.526159535600506
        ]
      }
    },
    {
      "type": "Feature",
      "properties": {
        "id": "13852",
        "num": "9.0",
        "folio": "159",
        "parcel_id": "9",
        "merge_id": "159f9",
        "geom_id": "35559"
      },
      "geometry": {
        "type": "Point",
        "coordinates": [
          6.630179008014399,
          46.53110979408149
        ]
      }
    },
    {
      "type": "Feature",
      "properties": {
        "id": "13878",
        "num": "90.0",
        "folio": "160",
        "parcel_id": "90",
        "merge_id": "160f90",
        "geom_id": "35824"
      },
      "geometry": {
        "type": "Point",
        "coordinates": [
          6.62971487872006,
          46.53003436584098
        ]
      }
    },
    {
      "type": "Feature",
      "properties": {
        "id": "13880",
        "num": "91.1",
        "folio": "160",
        "parcel_id": "91-1",
        "merge_id": "160f91-1",
        "geom_id": "35878"
      },
      "geometry": {
        "type": "Point",
        "coordinates": [
          6.629385026401474,
          46.52923049935543
        ]
      }
    }
  ]
}